,Street,City,State,Zip
0,436 HAYWARD AVE,Ames,IA,50014.0
1,3416 WEST ST,Ames,IA,50014.0
3,1524 DOUGLAS AVE,Ames,IA,50010.0
4,2304 FILLMORE AVE,Ames,IA,50010.0
5,4003 MARIGOLD DR,Ames,IA,50014.0
6,212 10TH ST 210,Ames,IA,50010.0
7,2431 LAKESIDE DR,Ames,IA,50010.0
8,602 KEN MARIL RD,Ames,IA,50010.0
9,3901 MARIGOLD DR,Ames,IA,50014.0
11,700 KEN MARIL RD,Ames,IA,50010.0
12,1102 CARROLL AVE,Ames,IA,50010.0
13,2519 KELLOGG AVE,Ames,IA,50010.0
14,812 TENNYSON AVE,Ames,IA,50014.0
15,5220 MARYLAND ST,Ames,IA,50014.0
16,319 HARTFORD DR,Ames,IA,50014.0
17,2910 WOOD ST,Ames,IA,50014.0
18,2102 PRAIRIE VIEW EAST,Ames,IA,50010.0
19,424 TEAGARDEN DR,Ames,IA,50010.0
20,1514 CALIFORNIA AVE,Ames,IA,50014.0
21,1216 CARROLL AVE,Ames,IA,50010.0
22,626 MEADOW PL,Ames,IA,50010.0
23,829 DOUGLAS AVE,Ames,IA,50010.0
24,1342 BARKLEY CT,Ames,IA,50010.0
25,4205 CRESTMOOR AVE,Ames,IA,50010.0
26,3028 COTTONTAIL LN,Ames,IA,50014.0
27,2711 HAMPTON ST,Ames,IA,50010.0
28,1636 JOHNSON ST,Ames,IA,50010.0
29,3331 WESTON DR,Ames,IA,50010.0
30,926 DUFF AVE,Ames,IA,50010.0
31,4302 WELBECK DR,Ames,IA,50010.0
32,4103 CRESTMOOR AVE,Ames,IA,50010.0
33,816 BROOKRIDGE AVE,Ames,IA,50010.0
34,1522 MAXWELL AVE,Ames,IA,50010.0
35,3005 CEDAR LN,Ames,IA,50014.0
36,5408 CERVANTES DR,Ames,IA,50014.0
37,118 E 11TH ST,Ames,IA,50010.0
39,3323 BUCHANAN CT,Ames,IA,50010.0
40,1115 28TH ST,Ames,IA,50010.0
42,3013 ALMOND RD,Ames,IA,50014.0
43,302 OPAL CIR,Ames,IA,50010.0
45,1903 MEADOWLANE AVE,Ames,IA,50010.0
46,4015 TORONTO ST,Ames,IA,50014.0
48,1412 KELLOGG AVE,Ames,IA,50010.0
49,3335 PRESTON CIR,Ames,IA,50010.0
50,3908 WELBECK DR,Ames,IA,50010.0
51,3218 WEST ST,Ames,IA,50014.0
52,1010 GRAND AVE,Ames,IA,50010.0
53,1203 BURNETT AVE,Ames,IA,50010.0
54,426 HAYWARD AVE 428,Ames,IA,50014.0
55,2807 BRISTOL DR,Ames,IA,50010.0
56,3414 EISENHOWER AVE,Ames,IA,50010.0
57,4824 WALLER ST,Ames,IA,50014.0
58,3012 OAKLAND ST 3014,Ames,IA,50014.0
59,1306 SCOTT CIR,Ames,IA,50014.0
60,3207 STOCKBURY ST,Ames,IA,50010.0
61,808 NARLAND DR,Ames,IA,50010.0
62,2900 RIDGETOP RD,Ames,IA,50014.0
63,2614 SOUTHRIDGE CIR,Ames,IA,50014.0
64,301 S RUSSELL AVE,Ames,IA,50010.0
65,310 WESTWOOD DR,Ames,IA,50014.0
66,2805 BRISTOL DR,Ames,IA,50010.0
67,3317 PRESTON CIR,Ames,IA,50010.0
68,5203 SCHUBERT ST,Ames,IA,50014.0
69,3320 FOXLEY DR,Ames,IA,50010.0
70,410 THACKERAY AVE,Ames,IA,50014.0
72,2320 KNAPP ST,Ames,IA,50014.0
73,3142 BAYBERRY RD,Ames,IA,50014.0
74,3917 WELBECK DR,Ames,IA,50010.0
75,2841 ASPEN RD,Ames,IA,50010.0
76,5325 CERVANTES DR,Ames,IA,50014.0
77,433 ASPEN RIDGE RD,Ames,IA,50010.0
78,4316 HARRISON CIR,Ames,IA,50010.0
79,4210 WELBECK DR,Ames,IA,50010.0
81,704 BURNETT AVE,Ames,IA,50010.0
82,1314 BARKLEY CT,Ames,IA,50010.0
83,3007 DIAMOND ST,Ames,IA,50010.0
84,1523 GLENDALE AVE,Ames,IA,50010.0
85,1408 KELLOGG AVE,Ames,IA,50010.0
86,934 MESA VERDE PL,Ames,IA,50014.0
87,1124 SCHOLL RD,Ames,IA,50014.0
88,1206 MARSTON AVE,Ames,IA,50010.0
89,3902 ARKANSAS DR,Ames,IA,50014.0
90,611 RIDGEWOOD AVE,Ames,IA,50010.0
91,1015 CURTISS AVE,Ames,IA,50010.0
92,4025 BERKSHIRE AVE,Ames,IA,50010.0
93,2616 KINGSTON DR,Ames,IA,50010.0
94,1217 JEFFERSON ST,Ames,IA,50010.0
95,507 LYNN AVE,Ames,IA,50014.0
96,3411 TRIPP ST 3413,Ames,IA,50014.0
97,2713 HAMPTON ST,Ames,IA,50010.0
98,2004 BURNETT AVE,Ames,IA,50010.0
99,1302 MAXWELL AVE,Ames,IA,50010.0
100,615 MEADOW PL,Ames,IA,50010.0
101,2527 KELLOGG AVE,Ames,IA,50010.0
102,2024 PINEHURST DR,Ames,IA,50010.0
103,4619 CLEMENS BLVD,Ames,IA,50014.0
104,703 ONYX ST,Ames,IA,50010.0
105,1624 DOUGLAS AVE,Ames,IA,50010.0
106,2426 YORKSHIRE CIR,Ames,IA,50010.0
107,601 CHELSEA CT,Ames,IA,50014.0
108,2009 ROOSEVELT CIR,Ames,IA,50010.0
109,633 MEADOW PL,Ames,IA,50010.0
110,605 MEADOW PL,Ames,IA,50010.0
111,3305 PRESTON CIR,Ames,IA,50010.0
112,3021 OAKLAND ST,Ames,IA,50014.0
113,2510 BRISTOL DR,Ames,IA,50010.0
114,2009 STEVENSON DR,Ames,IA,50010.0
115,2604 DALTON ST,Ames,IA,50010.0
116,2705 HOOVER AVE,Ames,IA,50010.0
117,225 16TH ST,Ames,IA,50010.0
118,508 CARROLL AVE,Ames,IA,50010.0
119,2829 WHITE OAK DR,Ames,IA,50014.0
120,418 PEARSON AVE,Ames,IA,50014.0
121,2125 FURMAN DR,Ames,IA,50010.0
122,3914 ARKANSAS DR,Ames,IA,50014.0
123,3309 SOUTHDALE DR,Ames,IA,50010.0
124,1508 CALIFORNIA AVE,Ames,IA,50014.0
125,1218 N 3RD ST,Ames,IA,50010.0
126,532 WESTFIELD RD,Ames,IA,50014.0
127,1907 CLARK AVE,Ames,IA,50010.0
128,1430 RIDGEWOOD AVE,Ames,IA,50010.0
129,1604 CARROLL AVE,Ames,IA,50010.0
130,5214 MARYLAND ST,Ames,IA,50014.0
131,2311 SUNCREST DR,Ames,IA,50014.0
132,310 COLORADO CIR,Ames,IA,50014.0
133,2320 TIMBERLAND RD,Ames,IA,50014.0
134,2812 WOOD ST,Ames,IA,50014.0
135,5110 CLEMENS BLVD,Ames,IA,50014.0
136,5300 NORRIS ST,Ames,IA,50014.0
137,910 BROOKRIDGE AVE,Ames,IA,50010.0
138,4116 WELBECK DR,Ames,IA,50010.0
139,3010 KELLOGG AVE,Ames,IA,50010.0
140,1237 24TH ST,Ames,IA,50010.0
141,301 ABRAHAM DR,Ames,IA,50014.0
142,5505 DURANT ST,Ames,IA,50014.0
143,2002 MELROSE AVE,Ames,IA,50010.0
144,923 VERMONT CIR,Ames,IA,50014.0
145,3203 GARNER AVE,Ames,IA,50010.0
146,5301 CLEMENS BLVD,Ames,IA,50014.0
147,4239 STONE BROOKE RD,Ames,IA,50010.0
148,1401 JOHNSON ST,Ames,IA,50010.0
149,509 SMILEY AVE,Ames,IA,50014.0
150,2322 BAKER ST,Ames,IA,50014.0
151,1502 DOUGLAS AVE,Ames,IA,50010.0
152,2910 HARRISON RD,Ames,IA,50010.0
154,2869 GREENSBORO CIR,Ames,IA,50010.0
155,3905 MARIGOLD DR,Ames,IA,50014.0
156,1113 MARSTON AVE,Ames,IA,50010.0
157,414 WELLONS DR,Ames,IA,50014.0
158,1603 MEADOWLANE AVE 1605,Ames,IA,50010.0
159,2845 GREENSBORO CIR,Ames,IA,50010.0
160,221 16TH ST,Ames,IA,50010.0
161,2152 ASHMORE DR,Ames,IA,50014.0
162,5216 CLEMENS BLVD,Ames,IA,50014.0
163,2424 RIDGETOP CIR,Ames,IA,50014.0
164,2729 NORTHWOOD DR,Ames,IA,50010.0
165,1404 IDAHO AVE,Ames,IA,50014.0
166,1904 BUCHANAN DR,Ames,IA,50010.0
167,1222 CURTISS AVE,Ames,IA,50010.0
168,321 9TH ST,Ames,IA,50010.0
169,412 10TH ST,Ames,IA,50010.0
170,1311 KELLOGG AVE,Ames,IA,50010.0
171,109 S MAPLE AVE,Ames,IA,50010.0
172,1308 MEADOWLANE AVE,Ames,IA,50010.0
174,211 DOTSON DR,Ames,IA,50014.0
175,2625 YORKSHIRE ST,Ames,IA,50010.0
176,1018 VERMONT CT,Ames,IA,50014.0
177,3127 ASPEN RD,Ames,IA,50014.0
178,3815 ONTARIO ST,Ames,IA,50014.0
179,1309 KENTUCKY AVE,Ames,IA,50014.0
180,3412 TAFT AVE,Ames,IA,50010.0
181,1209 NORTHWESTERN AVE,Ames,IA,50010.0
182,3908 STONE BROOKE CIR,Ames,IA,
183,1001 ARIZONA AVE,Ames,IA,50014.0
184,2617 KINGSTON DR,Ames,IA,50010.0
185,3616 ROSS RD,Ames,IA,50014.0
186,609 NORTHWESTERN AVE,Ames,IA,50010.0
187,2013 CLARK AVE,Ames,IA,50010.0
188,1426 MAXWELL AVE,Ames,IA,50010.0
189,625 13TH ST,Ames,IA,50010.0
190,1308 STAFFORD AVE,Ames,IA,50010.0
191,3505 COY ST,Ames,IA,50014.0
192,2951 NORTHWESTERN AVE,Ames,IA,50010.0
193,802 BURNETT AVE,Ames,IA,50010.0
194,3217 RED FOX RD,Ames,IA,50014.0
195,519 OLIVER CIR,Ames,IA,50014.0
196,2513 WHITE OAK DR,Ames,IA,50014.0
197,1302 INDIANA AVE,Ames,IA,50014.0
198,3202 ASPEN RD,Ames,IA,50014.0
199,2732 NORTHRIDGE LN,Ames,IA,50010.0
200,1317 COOLIDGE DR,Ames,IA,50010.0
201,304 S RIVERSIDE DR,Ames,IA,50010.0
202,922 POE AVE,Ames,IA,50014.0
203,609 7TH ST,Ames,IA,50010.0
204,125 HARTFORD DR,Ames,IA,50014.0
205,1003 LINCOLN WAY,Ames,IA,50010.0
206,3217 EISENHOWER AVE,Ames,IA,50010.0
207,4029 FLETCHER BLVD,Ames,IA,50010.0
208,2117 GREENBRIAR CIR,Ames,IA,50014.0
209,1101 IOWA AVE,Ames,IA,50014.0
210,2517 SHERWOOD AVE,Ames,IA,50010.0
211,2611 STANGE RD,Ames,IA,50010.0
212,1306 NORTHWESTERN AVE,Ames,IA,50010.0
213,318 CRANE AVE,Ames,IA,50014.0
214,3807 BRIDGEPORT DR,Ames,IA,50010.0
215,1401 CARROLL AVE 1403,Ames,IA,50010.0
216,2505 BRADFORD DR,Ames,IA,50010.0
217,3131 SEDWICK ST,Ames,IA,50010.0
218,1719 DOUGLAS AVE,Ames,IA,50010.0
219,424 STANTON AVE,Ames,IA,50014.0
220,1802 BUCHANAN DR,Ames,IA,50010.0
221,1108 LINCOLN WAY,Ames,IA,50010.0
222,2304 KELLOGG AVE,Ames,IA,50010.0
223,1217 25TH ST,Ames,IA,50010.0
224,2722 WHITE OAK CIR,Ames,IA,50014.0
225,1323 CLARK AVE,Ames,IA,50010.0
226,1202 SCOTT AVE,Ames,IA,50014.0
227,1423 RIDGEWOOD AVE,Ames,IA,50010.0
228,3118 MAPLEWOOD RD,Ames,IA,50014.0
230,1008 MESA VERDE PL,Ames,IA,50014.0
231,3715 COLUMBINE CIR,Ames,IA,50010.0
232,1404 GRAND AVE,Ames,IA,50010.0
233,3136 BAYBERRY RD,Ames,IA,50014.0
234,1109 ROOSEVELT AVE,Ames,IA,50010.0
235,1124 IDAHO AVE,Ames,IA,50014.0
236,215 PARKRIDGE CIR,Ames,IA,50014.0
237,1017 FLORIDA AVE,Ames,IA,50014.0
238,612 STANTON AVE,Ames,IA,50014.0
239,428 KEN MARIL RD,Ames,IA,50010.0
240,611 MEADOW PL,Ames,IA,50010.0
241,2124 COUNTRY CLUB BLVD,Ames,IA,50014.0
242,3323 STOCKBURY ST,Ames,IA,50010.0
243,1526 HARDING AVE,Ames,IA,50010.0
244,3215 HARRISON RD,Ames,IA,50010.0
245,5321 DURANT ST,Ames,IA,50014.0
246,415 ASPEN RIDGE RD,Ames,IA,50010.0
247,1434 MEADOWLANE AVE,Ames,IA,50010.0
248,1428 ROOSEVELT AVE,Ames,IA,50010.0
249,4813 DOVER DR,Ames,IA,50014.0
250,4004 WELBECK DR,Ames,IA,50010.0
251,535 MEADOW CT,Ames,IA,50010.0
252,615 GARDEN RD,Ames,IA,50010.0
253,915 GASKILL DR,Ames,IA,50014.0
255,4012 HYDE AVE,Ames,IA,50010.0
256,1402 MEADOWLANE AVE,Ames,IA,50010.0
257,1704 DOUGLAS AVE,Ames,IA,50010.0
258,2717 BRISTOL DR,Ames,IA,50010.0
261,2625 CLAYTON DR,Ames,IA,50010.0
262,3310 WESTON DR,Ames,IA,50010.0
263,4005 BRICKMAN AVE,Ames,IA,50010.0
264,246 S FRANKLIN AVE,Ames,IA,50014.0
265,4107 ROSS RD,Ames,IA,50014.0
266,822 CARROLL AVE,Ames,IA,50010.0
267,4010 WELBECK DR,Ames,IA,50010.0
268,2908 ROXBORO DR,Ames,IA,50010.0
269,3827 MINNETONKA AVE,Ames,IA,50010.0
270,318 N RUSSELL AVE,Ames,IA,50010.0
271,2914 ROXBORO DR,Ames,IA,50010.0
272,4404 TODD DR,Ames,IA,50014.0
273,2710 BRISTOL DR,Ames,IA,50010.0
274,1712 AMHERST DR,Ames,IA,50014.0
275,2518 YORKSHIRE ST,Ames,IA,50010.0
276,4020 EDGEWATER DR,Ames,IA,50010.0
277,112 SANDBURG CT,Ames,IA,50014.0
278,117 S FRANKLIN AVE 119,Ames,IA,50014.0
279,809 POE AVE,Ames,IA,50014.0
280,1027 N 2ND ST,Ames,IA,50010.0
281,1506 MAXWELL AVE,Ames,IA,50010.0
282,212 ROCKWELL AVE,Ames,IA,50014.0
283,1304 ILLINOIS AVE,Ames,IA,50014.0
284,4712 TORONTO ST,Ames,IA,50014.0
285,211 E 16TH ST,Ames,IA,50010.0
286,1214 ADAMS ST,Ames,IA,50010.0
287,2818 SOMERSET DR,Ames,IA,50010.0
288,1704 BURNETT AVE,Ames,IA,50010.0
289,3308 SEDWICK ST,Ames,IA,50010.0
290,215 HARTFORD DR,Ames,IA,50014.0
291,1402 STAFFORD AVE,Ames,IA,50010.0
292,2204 BARR DR,Ames,IA,50010.0
294,716 HODGE AVE,Ames,IA,50010.0
296,2329 SUNCREST DR,Ames,IA,50014.0
297,1036 ASH AVE,Ames,IA,50014.0
298,2907 ROXBORO DR,Ames,IA,50010.0
299,1110 S 2ND ST,Ames,IA,50010.0
300,2819 BRISTOL DR,Ames,IA,50010.0
301,418 E 6TH ST,Ames,IA,50010.0
302,3211 CULLEN DR,Ames,IA,50010.0
303,2816 ASPEN RD,Ames,IA,50010.0
304,701 RIDGEWOOD AVE,Ames,IA,50010.0
305,311 PEARSON AVE,Ames,IA,50014.0
306,3828 EISENHOWER AVE,Ames,IA,50010.0
307,3605 ROSS RD,Ames,IA,50014.0
308,3212 SUMAC CIR,Ames,IA,50014.0
309,4302 COCHRANE PKWY,Ames,IA,0.0
310,1004 ROOSEVELT AVE,Ames,IA,50010.0
311,3910 ROSS RD,Ames,IA,50014.0
312,4011 WESTLAWN DR,Ames,IA,50010.0
313,1005 DELAWARE AVE 1007,Ames,IA,50014.0
314,3334 WESTON DR,Ames,IA,50010.0
315,5416 NORRIS ST,Ames,IA,50014.0
316,2913 ROSS RD,Ames,IA,50014.0
317,2227 STORM ST,Ames,IA,50014.0
319,4919 WALLER ST,Ames,IA,50014.0
320,807 12TH ST,Ames,IA,50010.0
321,1420 INDIANA AVE,Ames,IA,50014.0
322,3115 NORTHWOOD DR,Ames,IA,50010.0
323,619 10TH ST,Ames,IA,50010.0
324,3842 HYDE AVE,Ames,IA,50010.0
325,1306 WOODSTOCK AVE,Ames,IA,50014.0
326,1429 GLENDALE AVE,Ames,IA,50010.0
327,2115 HUNZIKER DR,Ames,IA,50010.0
328,1714 DOUGLAS AVE,Ames,IA,50010.0
329,3421 OAKLAND ST,Ames,IA,50014.0
330,4125 APLIN RD,Ames,IA,50014.0
331,4110 CRESTMOOR AVE,Ames,IA,50010.0
332,2716 COTTONWOOD RD,Ames,IA,50014.0
333,2914 HARRISON RD,Ames,IA,50010.0
334,714 STANTON AVE,Ames,IA,50014.0
335,2621 STANGE RD,Ames,IA,50010.0
336,3412 TRIPP ST 3414,Ames,IA,50014.0
337,2412 EATON AVE,Ames,IA,50010.0
338,422 HAYWARD AVE,Ames,IA,50014.0
339,914 6TH ST,Ames,IA,50010.0
340,1630 CRESTWOOD CIR,Ames,IA,50010.0
341,3913 ROSS RD,Ames,IA,50014.0
342,3313 STOCKBURY ST,Ames,IA,50010.0
343,806 MURRAY DR,Ames,IA,50010.0
344,4418 PHOENIX ST,Ames,IA,50014.0
345,3012 SAPPHIRE CIR,Ames,IA,50010.0
346,821 NARLAND DR,Ames,IA,50010.0
347,3110 KINGMAN RD,Ames,IA,50014.0
348,3830 MARIGOLD DR,Ames,IA,50014.0
349,1402 RIDGEWOOD AVE,Ames,IA,50010.0
350,2719 CAMBRIDGE DR,Ames,IA,50010.0
351,208 22ND ST,Ames,IA,50010.0
352,3416 CLINTON CT,Ames,IA,50010.0
353,2531 PIERCE AVE,Ames,IA,50010.0
354,3015 BURNHAM DR,Ames,IA,50010.0
355,2227 TIMBERLAND RD,Ames,IA,50014.0
356,1211 N 2ND ST,Ames,IA,50010.0
357,1321 GLENDALE AVE,Ames,IA,50010.0
358,2806 YORK DR,Ames,IA,50010.0
359,2003 GREENBRIAR CIR,Ames,IA,50014.0
360,2902 WHITE OAK DR,Ames,IA,50014.0
361,2507 DALTON ST,Ames,IA,50010.0
362,1909 WYNGATE DR,Ames,IA,50010.0
363,419 15TH ST,Ames,IA,50010.0
364,1115 GARNER CIR,Ames,IA,50010.0
365,1517 STAFFORD AVE,Ames,IA,50010.0
367,1202 NORTHWESTERN AVE,Ames,IA,50010.0
368,5406 KANSAS DR,Ames,IA,50014.0
369,314 PATRICIA DR,Ames,IA,50010.0
370,1327 ALABAMA LN,Ames,IA,50014.0
371,926 GRAND AVE,Ames,IA,50010.0
372,1107 KELLOGG AVE,Ames,IA,50010.0
373,3728 BRIDGEPORT DR,Ames,IA,50010.0
374,1232 NORTHWESTERN AVE,Ames,IA,50010.0
375,5327 DURANT ST,Ames,IA,50014.0
376,2920 HARRISON RD,Ames,IA,50010.0
377,125 S HAZEL AVE,Ames,IA,50010.0
378,1606 BURNETT AVE,Ames,IA,50010.0
379,2201 BARR DR,Ames,IA,50010.0
380,2106 TORREY PINES RD,Ames,IA,50010.0
381,2124 TORREY PINES RD,Ames,IA,50010.0
382,5344 CLEMENS BLVD,Ames,IA,50014.0
383,5321 KANSAS DR,Ames,IA,50014.0
384,3326 KINGMAN RD,Ames,IA,50014.0
385,2651 SOMERSET DR,Ames,IA,50010.0
386,322 CRANE AVE,Ames,IA,50014.0
387,2808 NORTHRIDGE LN,Ames,IA,50010.0
388,3226 OAKLAND ST,Ames,IA,50014.0
389,520 20TH ST 522,Ames,IA,50010.0
390,623 AGG AVE,Ames,IA,50014.0
391,4115 WEMBLEY AVE,Ames,IA,50010.0
392,2421 WESTWIND DR,Ames,IA,50010.0
393,4707 HEMINGWAY DR,Ames,IA,50014.0
394,2166 ASHMORE DR,Ames,IA,50014.0
395,4812 HEMINGWAY DR,Ames,IA,50014.0
396,1617 DOUGLAS AVE,Ames,IA,50010.0
397,1322 ALABAMA LN,Ames,IA,50014.0
398,208 TODD CIR,Ames,IA,
399,110 S WILMOTH AVE,Ames,IA,50014.0
400,902 TOP O HOLLOW RD,Ames,IA,50010.0
401,1428 BRECKINRIDGE CT,Ames,IA,50010.0
402,1126 BURNETT AVE,Ames,IA,50010.0
403,1103 N 2ND ST,Ames,IA,50010.0
404,228 S RIVERSIDE DR,Ames,IA,50010.0
405,803 12TH ST,Ames,IA,50010.0
406,4008 FRANCES E DAVIS CT,Ames,IA,50010.0
408,3205 CULLEN DR,Ames,IA,50010.0
409,1518 CARROLL AVE,Ames,IA,50010.0
410,415 BEEDLE DR,Ames,IA,50014.0
411,1312 BIG BLUESTEM CT,Ames,IA,50014.0
412,4133 ONTARIO ST,Ames,IA,50014.0
413,1510 ILLINOIS AVE,Ames,IA,50014.0
414,1606 TOP O HOLLOW RD,Ames,IA,50010.0
415,804 POE AVE,Ames,IA,50014.0
416,3040 BAYBERRY RD,Ames,IA,50014.0
417,1330 WOODSTOCK AVE,Ames,IA,50014.0
418,611 10TH ST,Ames,IA,50010.0
419,4102 CRESTMOOR AVE,Ames,IA,50010.0
420,1512 HARDING AVE,Ames,IA,50010.0
421,1005 FLORIDA AVE,Ames,IA,50014.0
422,428 26TH ST,Ames,IA,50010.0
423,3106 SEDWICK ST,Ames,IA,50010.0
424,2159 COUNTRY CLUB BLVD 2157,Ames,IA,50014.0
425,1527 STONE BROOKE RD,Ames,IA,50010.0
426,3616 CALHOUN AVE,Ames,IA,50010.0
427,931 MAXWELL AVE,Ames,IA,50010.0
428,1225 ROOSEVELT AVE,Ames,IA,50010.0
429,308 VILLAGE DR,Ames,IA,50014.0
430,2204 PRAIRIE VIEW EAST,Ames,IA,50010.0
431,4715 TWAIN ST,Ames,IA,50014.0
432,2419 KINGSTON DR,Ames,IA,50010.0
433,114 S RUSSELL AVE,Ames,IA,50010.0
434,2720 NORTHRIDGE LN,Ames,IA,50010.0
435,3321 FOXLEY DR,Ames,IA,50010.0
436,911 MESA VERDE PL,Ames,IA,50014.0
437,3817 FLETCHER BLVD,Ames,IA,50010.0
438,2810 ASPEN RD,Ames,IA,50010.0
439,1208 ARIZONA AVE,Ames,IA,50014.0
440,303 RUBY CIR,Ames,IA,50010.0
441,1413 16TH ST,Ames,IA,50010.0
442,519 POE CIR,Ames,IA,50014.0
443,2840 ASPEN RD,Ames,IA,50010.0
444,2518 KINGSTON DR,Ames,IA,50010.0
445,1203 SCOTT AVE,Ames,IA,50014.0
446,2839 ROXBORO DR,Ames,IA,50010.0
447,2309 WESTWIND DR,Ames,IA,50010.0
448,704 TOP O HOLLOW RD,Ames,IA,50010.0
449,5409 FROST DR,Ames,IA,50014.0
450,2815 BRISTOL DR,Ames,IA,50010.0
451,2104 DOUGLAS AVE,Ames,IA,50010.0
452,422 E 6TH ST,Ames,IA,50010.0
453,1202 WHEELER ST,Ames,IA,50010.0
454,3217 KENT AVE,Ames,IA,50010.0
455,1333 TRUMAN PL,Ames,IA,50010.0
456,3905 ONTARIO ST,Ames,IA,50014.0
457,602 ASH AVE,Ames,IA,50014.0
458,2624 MELROSE AVE,Ames,IA,50010.0
460,3122 BECKLEY ST,Ames,IA,50010.0
461,1212 JEFFERSON ST,Ames,IA,50010.0
462,3840 BERKSHIRE AVE,Ames,IA,50010.0
463,2025 PRAIRIE VIEW EAST,Ames,IA,50010.0
464,278 VILLAGE DR,Ames,IA,50014.0
465,4106 TORONTO ST,Ames,IA,50014.0
466,3306 EISENHOWER AVE,Ames,IA,50010.0
467,4013 FRANCES E DAVIS CT,Ames,IA,50010.0
469,114 8TH ST,Ames,IA,50010.0
470,707 MEADOW PL,Ames,IA,50010.0
471,3300 EISENHOWER AVE,Ames,IA,50010.0
472,3028 BAYBERRY RD,Ames,IA,50014.0
474,1517 KELLOGG AVE,Ames,IA,50010.0
475,1511 DOUGLAS AVE,Ames,IA,50010.0
476,3616 JEWEL DR,Ames,IA,50010.0
478,4307 TORONTO ST,Ames,IA,50014.0
479,1019 ARIZONA AVE,Ames,IA,50014.0
480,1413 JOHNSON ST,Ames,IA,50010.0
481,428 STANTON AVE,Ames,IA,50014.0
482,3901 QUEBEC ST 3903,Ames,IA,50014.0
483,219 7TH ST,Ames,IA,50010.0
484,1222 NORTHWESTERN AVE,Ames,IA,50010.0
485,2415 BRADFORD DR,Ames,IA,50010.0
486,1301 RIDGEWOOD AVE 1303,Ames,IA,50010.0
487,1601 AMHERST DR,Ames,IA,50014.0
488,2004 MCCARTHY RD,Ames,IA,50014.0
489,3108 ROXBORO DR,Ames,IA,50010.0
490,2503 RIDGETOP RD,Ames,IA,50014.0
491,2406 COTTONWOOD RD,Ames,IA,50014.0
492,3318 EMERALD DR,Ames,IA,50010.0
493,510 LUTHER DR,Ames,IA,50010.0
494,3108 SYCAMORE RD,Ames,IA,50014.0
495,428 JEWEL DR,Ames,IA,50010.0
496,1400 BURNETT AVE,Ames,IA,50010.0
497,2804 PINEHURST CIR,Ames,IA,50010.0
498,3838 WELBECK DR,Ames,IA,50010.0
499,1210 CURTISS AVE,Ames,IA,50010.0
500,1018 10TH ST,Ames,IA,50010.0
501,804 TOP O HOLLOW RD,Ames,IA,50010.0
502,803 DUFF AVE,Ames,IA,50010.0
503,616 RIDGEWOOD AVE,Ames,IA,50010.0
504,2729 CLEVELAND DR,Ames,IA,50010.0
505,700 DIAMOND CT,Ames,IA,50010.0
506,1904 WILSON AVE,Ames,IA,50010.0
507,1226 NORTHWESTERN AVE,Ames,IA,50010.0
508,3316 GARNER AVE,Ames,IA,50010.0
509,122 HOWARD AVE,Ames,IA,50014.0
510,1425 MAXWELL AVE,Ames,IA,50010.0
511,3122 SEDWICK ST,Ames,IA,50010.0
512,3317 CULLEN DR,Ames,IA,50010.0
513,1229 KELLOGG AVE,Ames,IA,50010.0
514,1212 LINCOLN WAY,Ames,IA,50010.0
515,808 TOP O HOLLOW RD,Ames,IA,50010.0
516,2011 KILDEE ST,Ames,IA,50014.0
517,1408 INDIANA AVE,Ames,IA,50014.0
518,3015 VALLEY VIEW RD,Ames,IA,50014.0
519,3121 LINCOLN WAY,Ames,IA,50014.0
520,1522 LINDEN DR,Ames,IA,50010.0
521,1316 KINYON CIR,Ames,IA,50010.0
522,112 HARTFORD DR,Ames,IA,50014.0
523,2116 COUNTRY CLUB BLVD,Ames,IA,50014.0
524,1239 WISCONSIN AVE,Ames,IA,50014.0
525,234 S FRANKLIN AVE,Ames,IA,50014.0
526,4014 DAWES DR,Ames,IA,50010.0
527,1107 LINCOLN WAY,Ames,IA,50010.0
528,415 PAULSON DR,Ames,IA,50010.0
529,5140 EMERSON DR,Ames,IA,50014.0
530,817 HODGE AVE,Ames,IA,50010.0
531,209 HOWARD AVE,Ames,IA,50014.0
532,234 PARKRIDGE CIR,Ames,IA,50014.0
533,4818 WALLER ST,Ames,IA,50014.0
534,702 CRYSTAL ST,Ames,IA,50010.0
535,413 TEAGARDEN DR,Ames,IA,50010.0
536,3827 BRICKMAN AVE,Ames,IA,50010.0
537,1910 STEVENSON DR,Ames,IA,50010.0
538,1119 JOHNSON ST,Ames,IA,50010.0
539,2509 BRADFORD DR,Ames,IA,50010.0
540,627 RIVER OAK DR,Ames,IA,50010.0
541,1310 ALABAMA LN,Ames,IA,50014.0
542,908 POE AVE,Ames,IA,50014.0
543,1915 STEVENSON DR,Ames,IA,50010.0
544,1603 CARROLL AVE,Ames,IA,50010.0
545,1006 VERMONT CT,Ames,IA,50014.0
546,1437 TRUMAN PL,Ames,IA,50010.0
548,521 ELY CIR,Ames,IA,50010.0
549,4804 WESTBEND DR,Ames,IA,50014.0
550,200 WELLONS DR 202,Ames,IA,50014.0
551,1505 NORTH DAKOTA AVE,Ames,IA,50014.0
552,2226 HAYES AVE,Ames,IA,50010.0
553,5200 CERVANTES DR,Ames,IA,50014.0
554,3014 ASPEN RD,Ames,IA,50014.0
555,238 VILLAGE DR 240,Ames,IA,50014.0
556,3402 JEWEL DR,Ames,IA,50010.0
557,917 TENNYSON AVE,Ames,IA,50014.0
558,3033 STOCKBURY ST,Ames,IA,50010.0
559,2609 GREEN HILLS DR,Ames,IA,50014.0
560,720 10TH ST,Ames,IA,50010.0
561,519 NORTHWESTERN AVE 521,Ames,IA,50010.0
562,2009 BUCHANAN DR,Ames,IA,50010.0
563,704 GARNET DR,Ames,IA,50010.0
564,1912 BEL AIR DR,Ames,IA,50010.0
566,4614 WEBSTER ST,Ames,IA,50014.0
567,4915 SCHUBERT ST,Ames,IA,50014.0
568,4018 QUEBEC ST,Ames,IA,50014.0
569,4639 HEMINGWAY DR,Ames,IA,50014.0
570,2026 JENSEN AVE,Ames,IA,50010.0
571,3133 SYCAMORE RD,Ames,IA,50014.0
572,121 S RUSSELL AVE,Ames,IA,50010.0
573,3334 SOUTHDALE DR,Ames,IA,50010.0
574,926 IDAHO AVE,Ames,IA,50014.0
575,2624 COTTONWOOD RD,Ames,IA,50014.0
576,2321 BAKER ST,Ames,IA,50014.0
577,3319 TRIPP ST,Ames,IA,50014.0
578,5332 TABOR DR,Ames,IA,50014.0
579,1711 TOP O HOLLOW RD,Ames,IA,50010.0
580,2517 CLAYTON DR,Ames,IA,50010.0
581,4101 VALLEY VIEW RD,Ames,IA,50010.0
582,300 KEN MARIL RD,Ames,IA,50010.0
583,203 S MAPLE AVE,Ames,IA,50010.0
584,2702 NORTHWOOD DR,Ames,IA,50010.0
585,4010 BRICKMAN AVE,Ames,IA,50010.0
586,1001 NORTH DAKOTA AVE 1003,Ames,IA,50014.0
587,117 16TH ST,Ames,IA,50010.0
588,3223 CULLEN DR,Ames,IA,50010.0
589,2616 DALTON ST,Ames,IA,50010.0
590,803 16TH ST,Ames,IA,50010.0
591,3322 EMERALD DR,Ames,IA,50010.0
592,2935 EISENHOWER AVE,Ames,IA,50010.0
593,3807 HOOVER AVE,Ames,IA,50010.0
594,3802 HOOVER AVE,Ames,IA,50010.0
595,2020 PINEHURST DR,Ames,IA,50010.0
596,1008 ARKANSAS AVE,Ames,IA,50014.0
597,5425 KANSAS DR,Ames,IA,50014.0
598,427 13TH ST,Ames,IA,50010.0
599,5421 CLEMENS BLVD,Ames,IA,50014.0
600,2908 WESTON DR,Ames,IA,50010.0
601,203 STATE AVE,Ames,IA,50014.0
602,2505 CLAYTON DR,Ames,IA,50010.0
603,4302 HARRISON CIR,Ames,IA,50010.0
604,1110 DELAWARE AVE,Ames,IA,50014.0
605,3334 MORNINGSIDE ST,Ames,IA,50014.0
606,5409 KANSAS DR,Ames,IA,50014.0
607,2512 KINGSTON DR,Ames,IA,50010.0
608,733 ARIZONA AVE,Ames,IA,50014.0
609,201 ROCKWELL AVE,Ames,IA,50014.0
610,115 E 14TH ST,Ames,IA,50010.0
611,1340 CALIFORNIA AVE,Ames,IA,50014.0
612,4120 LAURA CT,Ames,IA,50010.0
613,118 HARTFORD DR,Ames,IA,50014.0
614,3817 HOOVER AVE,Ames,IA,50010.0
615,1504 24TH ST,Ames,IA,50010.0
616,2800 ONTARIO ST,Ames,IA,50014.0
617,218 CRANE AVE,Ames,IA,50014.0
618,1709 BUCHANAN DR,Ames,IA,50010.0
619,2912 WOOD ST,Ames,IA,50014.0
620,3328 EMERALD DR,Ames,IA,50010.0
621,907 NORTH DAKOTA AVE,Ames,IA,50014.0
622,4221 CRESTMOOR AVE,Ames,IA,50010.0
623,5408 TABOR DR,Ames,IA,50014.0
624,2304 WESTWIND DR,Ames,IA,50010.0
625,1304 ALBERTA AVE,Ames,IA,50014.0
626,1303 KINYON CIR,Ames,IA,50010.0
627,829 RIDGEWOOD AVE,Ames,IA,50010.0
628,1516 MAXWELL AVE,Ames,IA,50010.0
629,3903 WESTLAWN DR,Ames,IA,50010.0
630,1530 CURTISS AVE,Ames,IA,50010.0
631,1203 KELLOGG AVE,Ames,IA,50010.0
632,3124 ALMOND RD,Ames,IA,50014.0
633,2909 WHITE OAK DR,Ames,IA,50014.0
634,618 16TH ST,Ames,IA,50010.0
635,1248 WISCONSIN AVE,Ames,IA,50014.0
636,2612 CLAYTON DR,Ames,IA,50010.0
637,2420 LAKESIDE DR,Ames,IA,50010.0
638,1113 KENNEDY ST,Ames,IA,50010.0
639,2741 CLEVELAND DR,Ames,IA,50010.0
640,1308 INDIANA AVE,Ames,IA,50014.0
641,1528 INDIANA AVE,Ames,IA,50014.0
642,813 WILSON AVE,Ames,IA,50010.0
643,3715 JEWEL DR,Ames,IA,50010.0
645,2511 YORKSHIRE ST,Ames,IA,50010.0
646,413 WELLONS CIR,Ames,IA,50014.0
647,2948 CYPRESS CIR,Ames,IA,50014.0
648,1501 ILLINOIS AVE,Ames,IA,50014.0
649,3219 ROSS RD,Ames,IA,50014.0
650,5510 KANSAS DR,Ames,IA,50014.0
651,1208 TRUMAN PL,Ames,IA,50010.0
652,2303 MELROSE AVE,Ames,IA,50010.0
653,1115 KENNEDY ST,Ames,IA,50010.0
654,1516 NEBRASKA AVE,Ames,IA,50014.0
655,2029 PRAIRIE VIEW EAST,Ames,IA,50010.0
656,411 OPAL CIR 413,Ames,IA,50010.0
657,621 CARR DR,Ames,IA,50010.0
658,3613 ANNEAR ST,Ames,IA,50014.0
659,622 RIDGEWOOD AVE,Ames,IA,50010.0
660,1717 BUCHANAN DR,Ames,IA,50010.0
661,1112 CLARK AVE,Ames,IA,50010.0
662,2525 KINGSTON DR,Ames,IA,50010.0
663,707 BEACH AVE,Ames,IA,50014.0
664,1405 ARTHUR DR,Ames,IA,50010.0
665,2313 WESTWIND DR,Ames,IA,50010.0
666,1218 JEFFERSON ST,Ames,IA,50010.0
667,215 WELLONS DR,Ames,IA,50014.0
668,4321 STONE BROOKE RD,Ames,IA,50010.0
669,2320 SUNCREST DR,Ames,IA,50014.0
671,2816 NORTHRIDGE LN,Ames,IA,50010.0
672,621 11TH ST 619,Ames,IA,50010.0
673,2985 MONROE DR,Ames,IA,50010.0
674,1531 LINDEN DR,Ames,IA,50010.0
675,3330 JEWEL DR,Ames,IA,50010.0
676,3203 HARRISON RD,Ames,IA,50010.0
677,627 CRYSTAL ST,Ames,IA,50010.0
678,3472 SOUTHDALE DR,Ames,IA,50010.0
679,4301 HARRISON CIR,Ames,IA,50010.0
680,2307 CLAYTON DR,Ames,IA,50010.0
681,2944 MONROE DR,Ames,IA,50010.0
682,916 NORTHWESTERN AVE,Ames,IA,50010.0
683,1217 CURTISS AVE,Ames,IA,50010.0
685,3520 STORY ST,Ames,IA,50014.0
686,1204 MARSTON AVE,Ames,IA,50010.0
687,221 TODD CIR,Ames,IA,50014.0
688,2103 MELROSE AVE,Ames,IA,50010.0
689,5008 EMERSON DR,Ames,IA,50014.0
690,4203 TORONTO ST 4205,Ames,IA,50014.0
691,609 MEADOW PL,Ames,IA,50010.0
694,5333 CERVANTES DR,Ames,IA,50014.0
695,4901 WALLER ST,Ames,IA,50014.0
696,1322 STAFFORD AVE,Ames,IA,50010.0
697,3038 HARRISON RD,Ames,IA,50010.0
698,5315 THACKERAY DR,Ames,IA,50014.0
699,1922 ROOSEVELT AVE,Ames,IA,50010.0
700,3732 ONTARIO ST,Ames,IA,50014.0
701,2421 LAKESIDE DR,Ames,IA,50010.0
702,4410 PHOENIX ST,Ames,IA,50014.0
703,2008 PINEHURST DR,Ames,IA,50010.0
704,723 GARNET DR,Ames,IA,50010.0
705,1607 PIERCE CIR,Ames,IA,50010.0
706,206 ABRAHAM DR,Ames,IA,50014.0
707,5404 MARYLAND ST,Ames,IA,50014.0
708,1810 GEORGE ALLEN AVE,Ames,IA,50010.0
709,1407 PANORAMIC CT,Ames,IA,50010.0
710,3442 SOUTHDALE DR,Ames,IA,50010.0
711,719 MEADOW PL,Ames,IA,50010.0
712,115 E 7TH ST,Ames,IA,50010.0
713,2902 HARRISON RD,Ames,IA,50010.0
714,103 S RUSSELL AVE,Ames,IA,50010.0
715,3816 HYDE AVE,Ames,IA,50010.0
716,1116 BURNETT AVE 1118,Ames,IA,50010.0
717,214 E 16TH ST,Ames,IA,50010.0
718,2717 HAMPTON ST,Ames,IA,50010.0
719,2315 DUFF AVE,Ames,IA,50010.0
721,823 YUMA AVE,Ames,IA,50014.0
722,4539 HEMINGWAY DR,Ames,IA,50014.0
723,4532 CLEMENS BLVD,Ames,IA,50014.0
724,4606 CLEMENS BLVD,Ames,IA,50014.0
725,3311 PRESTON CIR,Ames,IA,50010.0
726,503 BROWN CT,Ames,IA,50014.0
727,822 YUMA AVE,Ames,IA,50014.0
728,601 JEWEL DR,Ames,IA,50010.0
729,3112 WESTON DR,Ames,IA,50010.0
730,5449 FROST DR,Ames,IA,50014.0
731,510 E 14TH ST,Ames,IA,50010.0
732,217 20TH ST,Ames,IA,50010.0
733,1926 HUNZIKER DR,Ames,IA,50010.0
734,313 E 16TH ST,Ames,IA,50010.0
735,1410 CALIFORNIA AVE,Ames,IA,50014.0
736,309 COLORADO CIR,Ames,IA,50014.0
737,5423 THACKERAY DR,Ames,IA,50014.0
738,4014 EDGEWATER DR,Ames,IA,50010.0
739,1212 CARROLL AVE,Ames,IA,50010.0
740,1149 OKLAHOMA DR,Ames,IA,50014.0
741,209 17TH ST,Ames,IA,50010.0
742,2723 BRISTOL DR,Ames,IA,50010.0
743,2108 STEVENSON DR,Ames,IA,50010.0
744,1209 MARSTON AVE,Ames,IA,50010.0
745,3318 JEWEL DR,Ames,IA,50010.0
746,4923 HEMINGWAY DR,Ames,IA,50014.0
748,4205 WEMBLEY AVE,Ames,IA,50010.0
749,2810 NORTHRIDGE LN,Ames,IA,50010.0
750,2703 PIERCE AVE,Ames,IA,50010.0
751,4117 APLIN RD,Ames,IA,50014.0
752,1018 CURTISS AVE,Ames,IA,50010.0
753,2813 BRISTOL DR,Ames,IA,50010.0
754,1640 CARROLL AVE,Ames,IA,50010.0
755,5313 CLEMENS BLVD,Ames,IA,50014.0
756,305 TOPAZ CT,Ames,IA,50010.0
757,1214 ROOSEVELT AVE,Ames,IA,50010.0
758,1209 GRAND AVE,Ames,IA,50010.0
759,2718 LUTHER DR,Ames,IA,50010.0
760,3629 FLETCHER BLVD,Ames,IA,50010.0
761,509 9TH ST,Ames,IA,50010.0
762,618 CARROLL AVE,Ames,IA,50010.0
763,3508 JEWEL DR,Ames,IA,50010.0
764,1214 N 3RD ST,Ames,IA,50010.0
765,2036 WYNGATE DR,Ames,IA,50010.0
766,111 9TH ST,Ames,IA,50010.0
767,5250 SCHUBERT ST,Ames,IA,50014.0
768,3109 GROVE AVE,Ames,IA,50010.0
769,425 15TH ST,Ames,IA,50010.0
770,4551 TWAIN CIR,Ames,IA,50014.0
771,2515 DALTON ST,Ames,IA,50010.0
772,2613 DUFF AVE,Ames,IA,50010.0
773,1411 ROOSEVELT AVE,Ames,IA,50010.0
774,4106 WELBECK DR,Ames,IA,50010.0
775,3302 EMERALD DR,Ames,IA,50010.0
776,2215 KELLOGG AVE,Ames,IA,50010.0
777,3130 GREENWOOD RD,Ames,IA,50014.0
778,830 WILSON AVE,Ames,IA,50010.0
779,2878 GREENSBORO CIR,Ames,IA,50010.0
780,3332 STOCKBURY ST,Ames,IA,50010.0
781,1304 GARFIELD AVE,Ames,IA,50014.0
782,2110 BARR DR,Ames,IA,50010.0
783,3907 WESTLAWN DR,Ames,IA,50010.0
784,1530 STONE BROOKE RD,Ames,IA,50010.0
785,5430 FROST DR,Ames,IA,50014.0
786,3323 JEFFERSON CIR,Ames,IA,50010.0
787,3828 WINDSOR CT,Ames,IA,50014.0
788,1224 LINCOLN WAY,Ames,IA,50010.0
789,3925 ROSS RD,Ames,IA,50014.0
790,632 MEADOW PL,Ames,IA,50010.0
791,2925 ROSS RD,Ames,IA,50014.0
792,2311 CAMDEN DR,Ames,IA,50010.0
793,2811 ASPEN RD,Ames,IA,50010.0
794,4520 CLEMENS BLVD,Ames,IA,50014.0
795,2619 KELLOGG AVE,Ames,IA,50010.0
796,2607 YORKSHIRE ST,Ames,IA,50010.0
798,148 S FRANKLIN AVE,Ames,IA,50014.0
799,4126 LAURA CT,Ames,IA,50010.0
800,1358 BARKLEY CT,Ames,IA,50010.0
801,839 POE AVE,Ames,IA,50014.0
802,603 ASH AVE,Ames,IA,50014.0
803,5426 TENNESSEE ST,Ames,IA,50014.0
804,1414 SUMMIT AVE,Ames,IA,50010.0
805,916 DUFF AVE,Ames,IA,50010.0
806,3823 COLUMBINE AVE,Ames,IA,50010.0
807,1952 WYNGATE DR,Ames,IA,50010.0
808,3448 SOUTHDALE DR,Ames,IA,50010.0
809,2328 BAKER ST,Ames,IA,50014.0
810,5408 CLEMENS BLVD,Ames,IA,50014.0
811,5115 CLEMENS BLVD,Ames,IA,50014.0
812,1207 N 2ND ST,Ames,IA,50010.0
813,2313 MCKINLEY CIR,Ames,IA,50010.0
814,3107 STOCKBURY ST,Ames,IA,50010.0
815,601 GARDEN RD,Ames,IA,50010.0
816,2006 KILDEE ST,Ames,IA,50014.0
817,1346 BARKLEY CT,Ames,IA,50010.0
818,608 DURRELL CIR,Ames,IA,50010.0
819,2823 ASPEN RD,Ames,IA,50010.0
820,4120 VALLEY VIEW RD,Ames,IA,50010.0
821,911 MAXWELL AVE,Ames,IA,50010.0
822,3310 OPAL DR 3312,Ames,IA,50010.0
823,1002 VERMONT CT,Ames,IA,50014.0
824,3900 WINDSOR CT,Ames,IA,50014.0
825,1102 IDAHO AVE,Ames,IA,50014.0
826,107 GARDEN RD,Ames,IA,50010.0
827,4616 HEMINGWAY DR,Ames,IA,50014.0
828,3026 ROXBORO DR,Ames,IA,50010.0
830,832 GRAND AVE,Ames,IA,50010.0
831,1532 BURNETT AVE,Ames,IA,50010.0
832,1122 WHEELER ST,Ames,IA,50010.0
833,1406 JOHNSON ST,Ames,IA,50010.0
834,3032 BURNHAM DR,Ames,IA,50010.0
835,1425 TRUMAN PL,Ames,IA,50010.0
836,2417 GRANT CIR,Ames,IA,50010.0
837,126 24TH ST,Ames,IA,50010.0
838,515 E 13TH ST,Ames,IA,50010.0
839,3016 BECKLEY ST,Ames,IA,50010.0
840,3805 DAWES DR,Ames,IA,50010.0
841,227 DOTSON DR,Ames,IA,50014.0
842,3821 MARIGOLD DR,Ames,IA,50014.0
843,2721 BURR OAK CIR,Ames,IA,50014.0
844,3016 ALMOND RD,Ames,IA,50014.0
845,1511 GLENDALE AVE,Ames,IA,50010.0
846,636 GARDEN RD,Ames,IA,50010.0
847,1605 ROOSEVELT AVE,Ames,IA,50010.0
848,5213 CERVANTES DR,Ames,IA,50014.0
849,1326 DOUGLAS AVE,Ames,IA,50010.0
850,1101 MAXWELL AVE,Ames,IA,50010.0
851,1411 GLENDALE AVE,Ames,IA,50010.0
852,2520 CLAYTON DR,Ames,IA,50010.0
853,1902 BEL AIR CIR,Ames,IA,50010.0
854,201 E 13TH ST,Ames,IA,50010.0
856,1318 WISCONSIN CIR,Ames,IA,50014.0
857,5103 KANSAS DR,Ames,IA,50014.0
858,2606 CLAYTON DR,Ames,IA,50010.0
859,3401 SOUTHDALE DR,Ames,IA,50010.0
860,2913 ARROWWOOD CIR,Ames,IA,50014.0
861,3100 DIAMOND ST,Ames,IA,50010.0
862,608 E 14TH ST,Ames,IA,50010.0
863,306 ROCKWELL AVE,Ames,IA,50014.0
864,1328 GARFIELD AVE,Ames,IA,50014.0
865,718 WILDER BLVD,Ames,IA,50014.0
866,619 POE AVE,Ames,IA,50014.0
867,3218 WESTON DR,Ames,IA,50010.0
868,5014 CLEMENS BLVD,Ames,IA,50014.0
869,1219 GARFIELD CIR,Ames,IA,50014.0
870,4009 EISENHOWER AVE,Ames,IA,50010.0
871,1624 BUCHANAN DR,Ames,IA,50010.0
872,217 E 16TH ST,Ames,IA,50010.0
873,903 POE AVE,Ames,IA,50014.0
874,1311 NEBRASKA AVE,Ames,IA,50014.0
875,2420 WELBECK DR,Ames,IA,50010.0
876,108 N RUSSELL AVE,Ames,IA,50010.0
877,818 CARROLL AVE 816,Ames,IA,50010.0
878,2504 EATON AVE,Ames,IA,50010.0
879,1509 TRUMAN DR,Ames,IA,50010.0
880,3818 VALLEY VIEW RD,Ames,IA,50010.0
881,2904 HARRISON RD,Ames,IA,50010.0
882,4008 BERKSHIRE AVE,Ames,IA,50010.0
883,2009 CESSNA ST,Ames,IA,50014.0
884,2304 VAN BUREN AVE,Ames,IA,50010.0
885,206 SANDBURG CT,Ames,IA,50014.0
886,5107 SCHUBERT ST,Ames,IA,50014.0
887,3904 STONE BROOKE CIR,Ames,IA,
888,3813 WELBECK DR,Ames,IA,50010.0
889,2408 WESTWIND DR,Ames,IA,50010.0
890,3418 WEST ST,Ames,IA,50014.0
891,5020 CLEMENS BLVD,Ames,IA,50014.0
892,217 15TH ST,Ames,IA,50010.0
893,3113 NORTHWOOD DR,Ames,IA,50010.0
895,1464 BRECKINRIDGE CT,Ames,IA,50010.0
896,1422 MAXWELL AVE,Ames,IA,50010.0
897,4915 WALLER ST,Ames,IA,50014.0
899,4701 HEMINGWAY DR,Ames,IA,50014.0
900,1424 WILSON AVE,Ames,IA,50010.0
901,328 S RUSSELL AVE,Ames,IA,50010.0
902,1119 ROOSEVELT AVE,Ames,IA,50010.0
903,2311 COTTONWOOD RD,Ames,IA,50014.0
904,1335 WILSON AVE,Ames,IA,50010.0
905,804 20TH ST,Ames,IA,50010.0
906,2738 SOMERSET DR,Ames,IA,50010.0
907,4027 ROSS RD,Ames,IA,50014.0
908,2505 KINGSTON DR,Ames,IA,50010.0
909,1005 CURTISS AVE,Ames,IA,50010.0
910,228 PARKRIDGE CIR,Ames,IA,50014.0
911,3220 KENT AVE,Ames,IA,50010.0
912,3432 OAKLAND ST,Ames,IA,50014.0
913,4017 VALLEY VIEW RD,Ames,IA,50010.0
914,1501 SUMMIT AVE,Ames,IA,50010.0
915,1924 BEL AIR DR,Ames,IA,50010.0
916,3425 ROSS RD,Ames,IA,50014.0
917,3010 TURQUOISE CIR,Ames,IA,50010.0
918,2410 EATON AVE,Ames,IA,50010.0
919,1909 ROOSEVELT AVE,Ames,IA,50010.0
920,2851 MONROE DR,Ames,IA,50010.0
921,4221 WEMBLEY AVE,Ames,IA,50010.0
922,3909 ARKANSAS DR,Ames,IA,50014.0
923,2409 WESTWIND DR,Ames,IA,50010.0
924,3405 POLARIS DR,Ames,IA,50010.0
925,109 S HYLAND AVE,Ames,IA,50014.0
926,2338 WESTWIND DR,Ames,IA,50010.0
927,618 AGG AVE,Ames,IA,50014.0
928,307 SCHUBERT CIR,Ames,IA,50014.0
929,821 RIDGEWOOD AVE,Ames,IA,50010.0
930,4133 TORONTO ST,Ames,IA,50014.0
931,1305 ALABAMA LN,Ames,IA,50014.0
932,1502 BUCHANAN DR,Ames,IA,50010.0
933,3038 REDBUD CIR,Ames,IA,50014.0
934,4127 ONTARIO ST,Ames,IA,50014.0
935,1114 N 4TH ST,Ames,IA,50010.0
936,2847 ASPEN RD,Ames,IA,50010.0
937,2704 MELROSE AVE,Ames,IA,50010.0
938,314 HARTFORD DR,Ames,IA,50014.0
939,3214 HARRISON RD,Ames,IA,50010.0
940,2866 TORREY PINES RD,Ames,IA,50010.0
941,3110 BAYBERRY RD,Ames,IA,50014.0
942,617 20TH ST,Ames,IA,50010.0
943,722 CLARK AVE,Ames,IA,50010.0
944,5419 SCHUBERT ST,Ames,IA,50014.0
945,1312 S 2ND ST,Ames,IA,50010.0
946,3226 SUMAC CIR,Ames,IA,50014.0
947,3309 EMERALD DR,Ames,IA,50010.0
949,2512 BRISTOL DR,Ames,IA,50010.0
950,2102 BARR DR,Ames,IA,50010.0
951,117 MCDONALD DR,Ames,IA,50014.0
952,711 RIDGEWOOD AVE,Ames,IA,50010.0
953,906 DELAWARE AVE,Ames,IA,50014.0
954,1317 GRAND AVE,Ames,IA,50010.0
955,618 STANTON AVE,Ames,IA,50014.0
956,5217 NEVADA CIR,Ames,IA,50014.0
957,300 ROCKWELL AVE,Ames,IA,50014.0
958,2018 CESSNA ST,Ames,IA,50014.0
959,3301 FOXLEY DR,Ames,IA,50010.0
960,607 CRYSTAL ST,Ames,IA,50010.0
961,3209 WOODLAND ST,Ames,IA,50014.0
962,2018 TAYLOR CIR,Ames,IA,50010.0
963,2838 MONROE DR,Ames,IA,50010.0
964,232 21ST ST,Ames,IA,50010.0
965,425 E 6TH ST,Ames,IA,50010.0
966,3642 STORY ST,Ames,IA,50014.0
967,1015 HARDING AVE,Ames,IA,50010.0
968,825 CLARK AVE,Ames,IA,50010.0
969,2127 MELROSE AVE,Ames,IA,50010.0
970,300 WELLONS DR,Ames,IA,50014.0
971,1005 YUMA AVE,Ames,IA,50014.0
972,1521 KELLOGG AVE,Ames,IA,50010.0
973,4922 SCHUBERT ST,Ames,IA,50014.0
974,324 ROCKWELL AVE,Ames,IA,50014.0
975,1327 DOUGLAS AVE,Ames,IA,50010.0
977,5308 KANSAS DR,Ames,IA,50014.0
978,1724 MEADOWLANE AVE,Ames,IA,50010.0
979,719 GARNET DR,Ames,IA,50010.0
980,2412 WESTWIND DR,Ames,IA,50010.0
981,5407 SCHUBERT ST,Ames,IA,50014.0
982,2809 BRISTOL DR,Ames,IA,50010.0
983,3817 WESTLAWN DR,Ames,IA,50010.0
984,1700 BEL AIR DR,Ames,IA,50010.0
985,3010 GROVE AVE,Ames,IA,50010.0
986,1249 24TH ST,Ames,IA,50010.0
987,3907 BERKSHIRE AVE,Ames,IA,50010.0
988,2818 OAKLAND ST,Ames,IA,50014.0
989,2023 WYNGATE DR,Ames,IA,50010.0
990,110 HUNZIKER CIR,Ames,IA,50010.0
991,3216 TUPELO CIR,Ames,IA,50014.0
992,4717 TWAIN ST,Ames,IA,50014.0
993,2609 CLAYTON DR,Ames,IA,50010.0
994,904 20TH ST 906,Ames,IA,50010.0
995,806 ARIZONA AVE,Ames,IA,50014.0
996,418 OPAL CIR,Ames,IA,50010.0
997,517 SMILEY AVE,Ames,IA,50014.0
998,1033 GASKILL DR,Ames,IA,50014.0
999,1823 CLARK AVE,Ames,IA,50010.0
1000,2537 EISENHOWER AVE,Ames,IA,50010.0
1001,3044 BURNHAM DR,Ames,IA,50010.0
1002,2506 BRISTOL DR,Ames,IA,50010.0
1003,1209 HARDING AVE,Ames,IA,50010.0
1004,3115 BALSAM CIR,Ames,IA,50014.0
1005,2306 RED OAK DR,Ames,IA,50014.0
1006,3517 OAKLAND ST,Ames,IA,50014.0
1007,1302 KELLOGG AVE,Ames,IA,50010.0
1008,216 FRANKLIN AVE,Ames,IA,50014.0
1009,2723 SOMERSET DR,Ames,IA,50010.0
1010,2910 NORTHWOOD DR,Ames,IA,50010.0
1011,2106 IRONWOOD CT,Ames,IA,50014.0
1012,2510 EATON AVE,Ames,IA,50010.0
1013,3330 MORNINGSIDE ST,Ames,IA,50014.0
1014,1311 BARKLEY CT,Ames,IA,50010.0
1015,4714 TWAIN ST,Ames,IA,50014.0
1016,719 GARDEN RD,Ames,IA,50010.0
1017,400 PEARSON AVE,Ames,IA,50014.0
1018,3701 BRIDGEPORT DR,Ames,IA,50010.0
1019,4811 WALLER ST,Ames,IA,50014.0
1020,406 KEN MARIL RD,Ames,IA,50010.0
1021,603 GARNET DR,Ames,IA,50010.0
1022,1020 ROOSEVELT AVE,Ames,IA,50010.0
1023,3911 WELBECK DR,Ames,IA,50010.0
1024,611 ASH AVE,Ames,IA,50014.0
1025,1122 JOHNSON ST,Ames,IA,50010.0
1026,803 13TH ST 805,Ames,IA,50010.0
1027,3827 PHOENIX ST,Ames,IA,50014.0
1028,214 HICKORY DR,Ames,IA,50014.0
1029,3431 ROSS RD,Ames,IA,50014.0
1030,3107 LINCOLN WAY,Ames,IA,50014.0
1031,2102 FURMAN DR,Ames,IA,50010.0
1032,2754 SOMERSET DR,Ames,IA,50010.0
1034,223 20TH ST,Ames,IA,50010.0
1035,2706 NORTHRIDGE PKWY,Ames,IA,50010.0
1036,2814 MONROE DR,Ames,IA,50010.0
1037,2406 RIDGETOP CIR,Ames,IA,50014.0
1038,5429 TENNESSEE ST,Ames,IA,50014.0
1039,1415 CLARK AVE,Ames,IA,50010.0
1040,622 11TH ST,Ames,IA,50010.0
1042,2803 BRISTOL DR,Ames,IA,50010.0
1043,2835 ASPEN RD,Ames,IA,50010.0
1044,301 ROCKWELL AVE,Ames,IA,50014.0
1045,3140 BURNHAM DR,Ames,IA,50010.0
1046,803 YUMA AVE 805,Ames,IA,50014.0
1047,4720 DOVER DR,Ames,IA,50014.0
1048,820 WILSON AVE,Ames,IA,50010.0
1049,518 13TH ST,Ames,IA,50010.0
1050,1463 TRUMAN PL,Ames,IA,50010.0
1051,2223 DUFF AVE,Ames,IA,50010.0
1052,3012 SEDWICK ST,Ames,IA,50010.0
1053,2010 KILDEE ST,Ames,IA,50014.0
1054,2703 BRISTOL DR,Ames,IA,50010.0
1055,1823 BURNETT AVE,Ames,IA,50010.0
1056,3122 STORY ST,Ames,IA,50014.0
1057,5106 TODD DR,Ames,IA,50014.0
1058,4512 HEMINGWAY DR,Ames,IA,50014.0
1059,4923 SCHUBERT ST,Ames,IA,50014.0
1060,1801 WATERBURY CIR,Ames,IA,50010.0
1061,3305 KENT AVE,Ames,IA,50010.0
1062,1407 DOUGLAS AVE,Ames,IA,50010.0
1063,1010 BROOKRIDGE AVE,Ames,IA,50010.0
1064,1505 KENTUCKY AVE,Ames,IA,50014.0
1065,1128 STAFFORD AVE,Ames,IA,50010.0
1066,2833 ROSS RD,Ames,IA,50014.0
1067,501 GARDEN RD,Ames,IA,50010.0
1068,107 N RUSSELL AVE,Ames,IA,50010.0
1069,3306 CULLEN DR,Ames,IA,50010.0
1070,914 ARKANSAS AVE,Ames,IA,50014.0
1071,118 N HAZEL AVE,Ames,IA,50010.0
1072,1204 28TH ST,Ames,IA,50010.0
1073,1814 WATERBURY CIR,Ames,IA,50010.0
1074,2730 LUTHER DR 2732,Ames,IA,50010.0
1075,1909 MAXWELL AVE,Ames,IA,50010.0
1077,712 CRAWFORD AVE,Ames,IA,50010.0
1078,2513 KINGSTON DR,Ames,IA,50010.0
1079,4025 APLIN RD,Ames,IA,50014.0
1080,515 8TH ST,Ames,IA,50010.0
1081,505 NORTHWESTERN AVE,Ames,IA,50010.0
1082,1218 CURTISS AVE,Ames,IA,50010.0
1083,1010 STAFFORD AVE,Ames,IA,50010.0
1084,1412 DUFF AVE,Ames,IA,50010.0
1086,2209 BURNETT AVE,Ames,IA,50010.0
1087,810 YUMA AVE,Ames,IA,50014.0
1088,4620 WEBSTER ST,Ames,IA,50014.0
1089,2811 NORTHWOOD DR,Ames,IA,50010.0
1090,123 N MAPLE AVE,Ames,IA,50010.0
1092,1324 SCOTT CIR,Ames,IA,50014.0
1093,3301 POLARIS DR,Ames,IA,50010.0
1094,3806 PHOENIX ST,Ames,IA,50014.0
1095,108 COLORADO AVE 110,Ames,IA,50014.0
1096,5207 CERVANTES DR,Ames,IA,50014.0
1098,3208 WOODLAND ST,Ames,IA,50014.0
1099,2200 VAN BUREN AVE,Ames,IA,50010.0
1100,121 MCDONALD DR,Ames,IA,50014.0
1101,301 SUNFLOWER DR,Ames,IA,50014.0
1102,4603 HUTCHISON ST,Ames,IA,50014.0
1103,2019 ASHMORE DR,Ames,IA,50014.0
1104,133 E 13TH ST,Ames,IA,50010.0
1105,1715 CLARK AVE,Ames,IA,50010.0
1106,4207 STONE BROOKE RD,Ames,IA,50010.0
1107,1618 BEL AIR DR,Ames,IA,50010.0
1108,1910 WYNGATE DR,Ames,IA,50010.0
1109,608 POE AVE,Ames,IA,50014.0
1110,1127 N 2ND ST,Ames,IA,50010.0
1111,5322 THACKERAY DR,Ames,IA,50014.0
1112,3324 STOCKBURY ST,Ames,IA,50010.0
1115,2413 WESTWIND DR,Ames,IA,50010.0
1116,809 TENNYSON AVE,Ames,IA,50014.0
1117,3425 HARCOURT DR,Ames,IA,50010.0
1118,117 13TH ST,Ames,IA,50010.0
1119,1015 KENNEDY ST,Ames,IA,50010.0
1120,3914 EISENHOWER AVE,Ames,IA,50010.0
1121,711 9TH ST,Ames,IA,50010.0
1122,1413 SUMMIT AVE,Ames,IA,50010.0
1123,3809 WESTLAWN DR,Ames,IA,50010.0
1124,2111 ASHMORE CIR,Ames,IA,50014.0
1125,2420 YORKSHIRE CIR,Ames,IA,50010.0
1126,4006 HYDE AVE,Ames,IA,50010.0
1127,5405 THACKERAY DR,Ames,IA,50014.0
1128,3232 LETTIE ST,Ames,IA,50014.0
1129,3017 LINCOLN WAY,Ames,IA,50014.0
1130,1213 24TH ST,Ames,IA,50010.0
1131,2421 YORKSHIRE CIR,Ames,IA,50010.0
1132,3814 BROOKDALE AVE,Ames,IA,50010.0
1133,425 BEACH AVE,Ames,IA,50014.0
1134,1819 COOLIDGE DR,Ames,IA,50010.0
1135,4637 TWAIN ST,Ames,IA,50014.0
1136,1106 IDAHO AVE,Ames,IA,50014.0
1137,1307 INDIANA AVE,Ames,IA,50014.0
1138,2902 ROXBORO DR,Ames,IA,50010.0
1139,427 24TH ST,Ames,IA,50010.0
1140,2506 SHERWOOD AVE,Ames,IA,50010.0
1141,2027 FERNDALE AVE,Ames,IA,50010.0
1142,3835 BROOKDALE AVE,Ames,IA,50010.0
1143,717 WILDER BLVD,Ames,IA,50014.0
1144,5225 CERVANTES DR,Ames,IA,50014.0
1145,417 WELLONS DR,Ames,IA,50014.0
1146,3209 SEDWICK ST,Ames,IA,50010.0
1147,2603 EISENHOWER AVE,Ames,IA,50010.0
1148,3318 RIDGETOP RD,Ames,IA,50014.0
1149,727 CRYSTAL ST,Ames,IA,50010.0
1150,1410 SUMMIT AVE,Ames,IA,50010.0
1151,1204 STAFFORD AVE,Ames,IA,50010.0
1152,301 STANTON AVE,Ames,IA,50014.0
1153,916 GASKILL DR,Ames,IA,50014.0
1154,2154 ASHMORE DR,Ames,IA,50014.0
1155,2425 CAMDEN DR,Ames,IA,50010.0
1156,3127 BECKLEY ST,Ames,IA,50010.0
1157,626 13TH ST,Ames,IA,50010.0
1158,202 22ND ST,Ames,IA,50010.0
1159,2217 FERNDALE AVE,Ames,IA,50010.0
1160,312 CRANE AVE,Ames,IA,50014.0
1161,3001 VALLEY VIEW RD,Ames,IA,50014.0
1162,2105 FURMAN DR,Ames,IA,50010.0
1163,2650 SOMERSET DR,Ames,IA,50010.0
1164,223 E 9TH ST,Ames,IA,50010.0
1165,816 GRAND AVE,Ames,IA,50010.0
1166,2102 HAYES AVE,Ames,IA,50010.0
1167,1122 BURNETT AVE,Ames,IA,50010.0
1168,1315 BARKLEY CT,Ames,IA,50010.0
1169,3618 MARY CIR,Ames,IA,50014.0
1171,3126 RED FOX RD,Ames,IA,50014.0
1172,2217 FILLMORE AVE,Ames,IA,50010.0
1173,3309 CLINTON CT,Ames,IA,50010.0
1174,828 ASH AVE,Ames,IA,50014.0
1175,3305 GARNER AVE,Ames,IA,50010.0
1176,103 HOWARD AVE,Ames,IA,50014.0
1177,1017 MARSTON AVE,Ames,IA,50010.0
1178,5311 KANSAS DR,Ames,IA,50014.0
1179,4910 ONTARIO ST,Ames,IA,50014.0
1180,5513 TENNESSEE ST,Ames,IA,50014.0
1181,2901 CYPRESS CIR,Ames,IA,50014.0
1182,5010 ONTARIO ST,Ames,IA,50014.0
1183,1026 POE AVE,Ames,IA,50014.0
1184,2727 WHITE OAK DR,Ames,IA,50014.0
1185,103 SANDBURG CT,Ames,IA,50014.0
1186,3323 TRIPP ST,Ames,IA,50014.0
1187,5402 TABOR DR,Ames,IA,50014.0
1188,1402 DUFF AVE,Ames,IA,50010.0
1189,3218 BAYBERRY RD,Ames,IA,50014.0
1190,2722 NORTHWOOD DR,Ames,IA,50010.0
1191,3718 ROSS RD,Ames,IA,50014.0
1192,5401 CLEMENS BLVD,Ames,IA,50014.0
1193,3928 BROOKDALE CIR,Ames,IA,50010.0
1194,2508 TIMBERLAND RD,Ames,IA,50014.0
1195,1310 20TH ST,Ames,IA,50010.0
1196,2719 LAUREL ST,Ames,IA,50010.0
1198,407 THACKERAY AVE,Ames,IA,50014.0
1199,3920 WELBECK DR,Ames,IA,50010.0
1200,3901 WELBECK DR,Ames,IA,50010.0
1201,4716 TWAIN ST,Ames,IA,50014.0
1202,1122 ARIZONA AVE,Ames,IA,50014.0
1203,2414 WESTWIND DR,Ames,IA,50010.0
1204,5412 TABOR DR,Ames,IA,50014.0
1205,2524 YORKSHIRE ST,Ames,IA,50010.0
1206,509 ASH AVE,Ames,IA,50014.0
1207,601 HAYWARD AVE,Ames,IA,50014.0
1208,2318 BAKER ST,Ames,IA,50014.0
1209,1125 MARSTON AVE,Ames,IA,50010.0
1210,4017 HASTINGS AVE,Ames,IA,50010.0
1211,108 SANDBURG CT,Ames,IA,50014.0
1212,2603 KINGSTON DR,Ames,IA,50010.0
1213,927 RIDGEWOOD AVE,Ames,IA,50010.0
1214,2114 GREENBRIAR CIR,Ames,IA,50014.0
1215,3106 STOCKBURY ST,Ames,IA,50010.0
1216,3108 BECKLEY ST,Ames,IA,50010.0
1217,1003 WILSON AVE,Ames,IA,50010.0
1218,1632 TRUMAN DR,Ames,IA,50010.0
1219,2209 STONE BROOKE RD,Ames,IA,50010.0
1220,2007 KILDEE ST,Ames,IA,50014.0
1221,2040 WYNGATE DR,Ames,IA,50010.0
1222,1500 TRUMAN DR,Ames,IA,50010.0
1223,2507 BRADFORD DR,Ames,IA,50010.0
1224,5303 TABOR DR,Ames,IA,50014.0
1225,1814 BUCHANAN DR,Ames,IA,50010.0
1226,3126 NORTHWOOD DR,Ames,IA,50010.0
1227,2017 KELLOGG AVE,Ames,IA,50010.0
1228,803 6TH ST,Ames,IA,50010.0
1229,1824 ARTHUR CIR,Ames,IA,50010.0
1230,223 HILLTOP RD,Ames,IA,50014.0
1231,1415 CRESCENT ST,Ames,IA,50010.0
1232,603 CRYSTAL ST,Ames,IA,50010.0
1233,1344 TRUMAN PL,Ames,IA,50010.0
1234,5007 KEATS ST,Ames,IA,50014.0
1235,1607 TRUMAN DR,Ames,IA,50010.0
1236,520 FOREST GLEN,Ames,IA,50014.0
1238,4028 FLETCHER BLVD,Ames,IA,50010.0
1240,413 E 6TH ST,Ames,IA,50010.0
1241,722 6TH ST 724,Ames,IA,50010.0
1242,1903 COOLIDGE DR,Ames,IA,50010.0
1243,2707 BRISTOL DR,Ames,IA,50010.0
1244,3845 WELBECK DR,Ames,IA,50010.0
1245,1014 POE AVE,Ames,IA,50014.0
1246,5002 CLEMENS BLVD,Ames,IA,50014.0
1247,1018 OKLAHOMA DR,Ames,IA,50014.0
1248,408 HARTFORD DR,Ames,IA,50014.0
1249,3905 TORONTO ST,Ames,IA,50014.0
1250,113 S MAPLE AVE,Ames,IA,50010.0
1251,3305 HARRISON RD,Ames,IA,50010.0
1252,1211 CLARK AVE,Ames,IA,50010.0
1253,2316 KNAPP ST,Ames,IA,50014.0
1254,1409 MEADOWLANE AVE,Ames,IA,50010.0
1255,2332 WESTWIND DR,Ames,IA,50010.0
1256,3604 ROSS RD,Ames,IA,50014.0
1257,1401 PANORAMIC CT,Ames,IA,50010.0
1258,4108 BRICKMAN AVE,Ames,IA,50010.0
1259,3120 STOCKBURY ST,Ames,IA,50010.0
1260,2414 WELBECK DR,Ames,IA,50010.0
1261,505 POE CIR,Ames,IA,50014.0
1262,2908 ONTARIO ST,Ames,IA,50014.0
1263,2645 CLEVELAND DR,Ames,IA,50010.0
1265,1218 20TH ST,Ames,IA,50010.0
1266,4301 TORONTO ST,Ames,IA,50014.0
1267,1012 9TH ST,Ames,IA,50010.0
1268,5505 MARYLAND ST,Ames,IA,50014.0
1269,2705 BRISTOL DR,Ames,IA,50010.0
1270,5218 THACKERAY DR,Ames,IA,50014.0
1271,3312 OAKLAND ST,Ames,IA,50014.0
1272,202 SOUTH DAKOTA AVE,Ames,IA,50014.0
1273,4024 FLETCHER BLVD,Ames,IA,50010.0
1274,2323 MCKINLEY CIR,Ames,IA,50010.0
1275,4200 ARIZONA CIR,Ames,IA,50014.0
1276,1231 25TH ST,Ames,IA,50010.0
1277,1531 KENTUCKY AVE,Ames,IA,50014.0
1278,2607 STANGE RD,Ames,IA,50010.0
1279,627 9TH ST,Ames,IA,50010.0
1280,1524 DUFF AVE,Ames,IA,50010.0
1281,1228 ORCHARD DR,Ames,IA,50010.0
1282,2508 BRISTOL DR,Ames,IA,50010.0
1283,213 TODD CIR,Ames,IA,50014.0
1284,911 ARIZONA AVE,Ames,IA,50014.0
1285,2509 CAMDEN DR,Ames,IA,50010.0
1286,721 GARNET DR,Ames,IA,50010.0
1287,2509 MELROSE AVE,Ames,IA,50010.0
1288,1534 MEADOWLANE AVE,Ames,IA,50010.0
1289,5427 CLEMENS BLVD,Ames,IA,50014.0
1290,2137 PRAIRIE VIEW EAST,Ames,IA,50010.0
1291,237 TODD CIR,Ames,IA,50014.0
1292,905 TENNYSON AVE,Ames,IA,50014.0
1293,1103 BURNETT AVE,Ames,IA,50010.0
1294,720 MURRAY DR,Ames,IA,50010.0
1295,3211 MAGNOLIA CIR,Ames,IA,50014.0
1296,1309 BIG BLUESTEM CT,Ames,IA,50014.0
1298,2021 FERNDALE AVE,Ames,IA,50010.0
1299,4916 HEMINGWAY DR,Ames,IA,50014.0
1300,700 KELLOGG AVE,Ames,IA,50010.0
1301,1119 KENNEDY ST,Ames,IA,50010.0
1302,1021 HARDING AVE,Ames,IA,50010.0
1303,2416 GRANT CIR,Ames,IA,50010.0
1304,715 LYNN AVE,Ames,IA,50014.0
1305,1003 VERMONT CT,Ames,IA,50014.0
1306,2312 CLARK AVE,Ames,IA,50010.0
1307,3804 EISENHOWER AVE,Ames,IA,50010.0
1308,4812 WALLER ST,Ames,IA,50014.0
1309,1309 JEFFERSON ST,Ames,IA,50010.0
1310,1605 CRESTWOOD CIR,Ames,IA,50010.0
1311,3240 EVERGREEN RD,Ames,IA,50014.0
1312,407 JEFFREY LN 409,Ames,IA,50014.0
1313,327 STANTON AVE,Ames,IA,50012.0
1314,4019 STONE BROOKE RD,Ames,IA,50010.0
1315,527 BROWN CT,Ames,IA,50014.0
1316,3049 HARRISON RD,Ames,IA,50010.0
1317,2508 EATON AVE,Ames,IA,50010.0
1318,5312 NORRIS ST,Ames,IA,50014.0
1319,2507 TYLER AVE,Ames,IA,50010.0
1320,3120 SYCAMORE RD,Ames,IA,50014.0
1321,3031 BAYBERRY RD,Ames,IA,50014.0
1322,924 6TH ST,Ames,IA,50010.0
1323,403 BEEDLE DR,Ames,IA,50014.0
1324,3812 EISENHOWER AVE,Ames,IA,50010.0
1325,2402 SUNDOWN DR,Ames,IA,50014.0
1326,1325 MAXWELL AVE 1327,Ames,IA,50010.0
1327,1700 PIERCE CT,Ames,IA,50010.0
1328,2721 KELLOGG AVE,Ames,IA,50010.0
1329,3327 GOLDENROD CIR,Ames,IA,50014.0
1330,1106 HARDING AVE,Ames,IA,50010.0
1331,1516 GOLDEN ASPEN DR,Ames,IA,50010.0
1332,4309 CRESTMOOR AVE,Ames,IA,50010.0
1333,817 KELLOGG AVE,Ames,IA,50010.0
1334,543 FOREST GLEN,Ames,IA,50014.0
1335,4927 HEMINGWAY DR,Ames,IA,50014.0
1336,4730 HEMINGWAY DR,Ames,IA,50014.0
1337,702 HODGE AVE,Ames,IA,50010.0
1338,1450 TRUMAN PL,Ames,IA,50010.0
1339,822 POE AVE,Ames,IA,50014.0
1341,3409 POLARIS DR,Ames,IA,50010.0
1342,1212 13TH ST,Ames,IA,50010.0
1343,548 MEADOW CT,Ames,IA,50010.0
1345,1036 RIDGEWOOD AVE,Ames,IA,50010.0
1346,1124 JOHNSON ST,Ames,IA,50010.0
1347,1024 CURTISS AVE,Ames,IA,50010.0
1348,3814 BRICKMAN AVE,Ames,IA,50010.0
1349,1118 OKLAHOMA DR,Ames,IA,50014.0
1350,2907 ARROWWOOD CIR,Ames,IA,50014.0
1351,5113 SCHUBERT ST,Ames,IA,50014.0
1352,1405 INDIANA AVE,Ames,IA,50014.0
1353,5217 TABOR DR,Ames,IA,50014.0
1354,202 KEN MARIL RD,Ames,IA,50010.0
1355,2527 CLAYTON DR,Ames,IA,50010.0
1356,2119 FURMAN DR,Ames,IA,50010.0
1357,4901 SCHUBERT ST,Ames,IA,50014.0
1358,2615 CLAYTON DR,Ames,IA,50010.0
1359,5440 FROST DR,Ames,IA,50014.0
1360,2726 WHITE OAK DR,Ames,IA,50014.0
1361,2422 KINGSTON DR,Ames,IA,50010.0
1362,3630 STORY ST,Ames,IA,50014.0
1363,5418 FROST DR,Ames,IA,50014.0
1364,2810 NORTHWESTERN AVE,Ames,IA,50010.0
1365,1318 BARKLEY CT,Ames,IA,50010.0
1366,3837 WELBECK DR,Ames,IA,50010.0
1367,327 22ND ST,Ames,IA,50010.0
1368,2007 COUNTRY CLUB BLVD,Ames,IA,50014.0
1369,622 CRYSTAL ST,Ames,IA,50010.0
1370,1430 CARROLL AVE,Ames,IA,50010.0
1371,2507 WHITE OAK DR,Ames,IA,50014.0
1372,1608 TRUMAN DR,Ames,IA,50010.0
1373,3811 HOOVER AVE,Ames,IA,50010.0
1374,3107 RED FOX RD,Ames,IA,50014.0
1375,3133 MAPLEWOOD RD,Ames,IA,50014.0
1376,317 HILLTOP RD,Ames,IA,50014.0
1377,2910 BAYBERRY RD,Ames,IA,50014.0
1378,4717 HEMINGWAY DR,Ames,IA,50014.0
1379,1601 WOODHAVEN CIR,Ames,IA,50010.0
1380,1925 HUNZIKER DR,Ames,IA,50010.0
1381,3016 HARRISON RD,Ames,IA,50010.0
1383,3832 BROOKDALE AVE,Ames,IA,50010.0
1384,1504 MARSTON AVE,Ames,IA,50010.0
1385,3913 BERKSHIRE AVE,Ames,IA,50010.0
1386,124 HARTFORD DR,Ames,IA,50014.0
1387,922 DUFF AVE,Ames,IA,50010.0
1388,2332 DONALD ST,Ames,IA,50014.0
1390,621 SHELLEY AVE,Ames,IA,50014.0
1391,1315 GLENDALE AVE,Ames,IA,50010.0
1392,1120 CARROLL AVE,Ames,IA,50010.0
1393,1912 WILSON AVE,Ames,IA,50010.0
1394,727 GARNET DR,Ames,IA,50010.0
1395,3405 EMERALD DR,Ames,IA,50010.0
1396,250 CAMPUS AVE 248,Ames,IA,50012.0
1397,430 ASH AVE,Ames,IA,50014.0
1398,1412 INDIANA AVE,Ames,IA,50014.0
1399,4112 HASTINGS AVE,Ames,IA,50010.0
1400,3915 QUEBEC ST,Ames,IA,50014.0
1401,2321 SUNDOWN DR,Ames,IA,50014.0
1402,1630 JOHNSON ST,Ames,IA,50010.0
1404,2966 MONROE DR,Ames,IA,50010.0
1405,419 LYNN AVE,Ames,IA,50014.0
1406,620 LYNN AVE,Ames,IA,50014.0
1407,1010 JARRETT CIR,Ames,IA,50014.0
1408,2129 STEVENSON DR,Ames,IA,50010.0
1409,3123 STORY ST,Ames,IA,50014.0
1410,2505 GREEN HILLS DR,Ames,IA,50014.0
1411,413 HAWTHORNE  AVE,Ames,IA,50014.0
1412,721 MEADOW PL,Ames,IA,50010.0
1413,3916 FLETCHER BLVD,Ames,IA,50010.0
1414,2905 ROXBORO DR,Ames,IA,50010.0
1416,234 SOUTH DAKOTA AVE 236,Ames,IA,50014.0
1417,1011 CURTISS AVE,Ames,IA,50010.0
1418,1007 VERMONT CT,Ames,IA,50014.0
1419,1509 JACKSON DR,Ames,IA,50010.0
1420,3815 QUEBEC ST,Ames,IA,50014.0
1421,807 HODGE AVE,Ames,IA,50010.0
1422,2402 SUNCREST DR,Ames,IA,50014.0
1423,1210 GARFIELD CIR,Ames,IA,50014.0
1424,516 OLIVER CIR,Ames,IA,50014.0
1425,1106 STAFFORD AVE,Ames,IA,50010.0
1426,210 S HAZEL AVE,Ames,IA,50010.0
1427,2427 WELBECK DR,Ames,IA,50010.0
1428,2638 CLEVELAND DR,Ames,IA,50010.0
1429,3004 NORTHWOOD DR,Ames,IA,50010.0
1430,1017 N 2ND ST,Ames,IA,50010.0
1431,1809 MAXWELL AVE,Ames,IA,50010.0
1432,3314 CLINTON CT,Ames,IA,50010.0
1433,1309 GARFIELD AVE,Ames,IA,50014.0
1434,824 WILSON AVE,Ames,IA,50010.0
1435,611 11TH ST,Ames,IA,50010.0
1436,115 E 13TH ST,Ames,IA,50010.0
1437,2324 KNAPP ST,Ames,IA,50014.0
1438,803 KELLOGG AVE,Ames,IA,50010.0
1439,3118 GREENWOOD RD,Ames,IA,50014.0
1440,3502 JEWEL DR,Ames,IA,50010.0
1441,2810 PINEHURST CIR,Ames,IA,50010.0
1442,4914 WALLER ST,Ames,IA,50014.0
1443,1415 STAFFORD AVE,Ames,IA,50010.0
1444,1802 CLARK AVE,Ames,IA,50010.0
1445,3603 WOODLAND ST,Ames,IA,50014.0
1447,2207 HAYES AVE,Ames,IA,50010.0
1448,3801 COLUMBINE AVE,Ames,IA,50010.0
1449,614 POE AVE,Ames,IA,50014.0
1450,3815 VALLEY VIEW RD,Ames,IA,50010.0
1451,5129 SCHUBERT ST,Ames,IA,50014.0
1452,3809 EISENHOWER AVE,Ames,IA,50010.0
1453,1220 TRUMAN PL,Ames,IA,50010.0
1454,3337 WESTON DR,Ames,IA,50010.0
1455,3808 HYDE AVE,Ames,IA,50010.0
1456,1312 CARROLL AVE,Ames,IA,50010.0
1457,2204 DUFF AVE,Ames,IA,50010.0
1458,223 E 6TH ST,Ames,IA,50010.0
1459,607 E 13TH ST,Ames,IA,50010.0
1460,5011 EMERSON DR,Ames,IA,50014.0
1461,618 13TH ST,Ames,IA,50010.0
1462,1111 BURNETT AVE,Ames,IA,50010.0
1463,2218 NORTHWESTERN AVE,Ames,IA,50010.0
1464,4004 TORONTO ST,Ames,IA,50014.0
1465,2216 FILLMORE AVE,Ames,IA,50010.0
1466,2723 HAMPTON ST,Ames,IA,50010.0
1467,421 HAYWARD AVE,Ames,IA,50014.0
1468,3332 FOXLEY DR,Ames,IA,50010.0
1469,1111 GARNER CIR,Ames,IA,50010.0
1470,2904 ROXBORO DR,Ames,IA,50010.0
1471,2103 CLARK AVE,Ames,IA,50010.0
1472,1320 GRAND AVE,Ames,IA,50010.0
1473,1002 POE AVE,Ames,IA,50014.0
1474,705 POE AVE,Ames,IA,50014.0
1475,1904 BEL AIR DR,Ames,IA,50010.0
1476,2825 BUCKINGHAM CT,Ames,IA,50010.0
1477,5025 KEATS ST,Ames,IA,50014.0
1478,604 CARROLL AVE,Ames,IA,50010.0
1479,2117 NORTHWESTERN AVE,Ames,IA,50010.0
1480,2838 BUCKINGHAM CT,Ames,IA,50010.0
1481,827 MILLER AVE,Ames,IA,50014.0
1482,3418 JEWEL DR,Ames,IA,50010.0
1483,546 MEADOW CT,Ames,IA,50010.0
1484,4811 IDAHO CIR,Ames,IA,50014.0
1485,836 BROOKRIDGE AVE,Ames,IA,50010.0
1486,1506 GOLDEN ASPEN DR,Ames,IA,50010.0
1487,3834 WELBECK DR,Ames,IA,50010.0
1488,3320 KINGMAN RD,Ames,IA,50014.0
1489,2404 WESTWIND DR,Ames,IA,50010.0
1490,2918 EISENHOWER AVE,Ames,IA,50010.0
1491,5000 EMERSON DR,Ames,IA,50014.0
1492,2749 CLEVELAND DR,Ames,IA,50010.0
1493,2720 THOMPSON DR,Ames,IA,50010.0
1494,1804 MAXWELL AVE,Ames,IA,50010.0
1495,1909 BEL AIR CIR,Ames,IA,50010.0
1496,3820 MARIGOLD DR,Ames,IA,50014.0
1497,3315 POLARIS DR,Ames,IA,50010.0
1498,3109 ALMOND RD,Ames,IA,50014.0
1499,1320 NEBRASKA AVE,Ames,IA,50014.0
1500,905 NORTH DAKOTA AVE,Ames,IA,50014.0
1501,611 CHELSEA CT,Ames,IA,50014.0
1502,3806 BERKSHIRE AVE,Ames,IA,50010.0
1503,917 TOP O HOLLOW RD,Ames,IA,50010.0
1504,5136 EMERSON DR,Ames,IA,50014.0
1505,925 YUMA AVE,Ames,IA,50014.0
1506,3009 TURQUOISE CIR,Ames,IA,50010.0
1507,4623 TWAIN ST,Ames,IA,50014.0
1508,5402 SCHUBERT ST,Ames,IA,50014.0
1509,3838 MARIGOLD DR,Ames,IA,50014.0
1510,3105 ROXBORO DR,Ames,IA,50010.0
1511,614 16TH ST,Ames,IA,50010.0
1512,1812 CLARK AVE,Ames,IA,50010.0
1513,3130 SEDWICK ST,Ames,IA,50010.0
1514,5325 KANSAS DR,Ames,IA,50014.0
1515,2907 DUFF AVE,Ames,IA,50010.0
1516,2037 COUNTRY CLUB BLVD,Ames,IA,50014.0
1517,2407 WESTWIND DR,Ames,IA,50010.0
1518,5020 EMERSON DR,Ames,IA,50014.0
1519,4024 ARKANSAS DR,Ames,IA,50014.0
1520,1706 CLARK AVE,Ames,IA,50010.0
1521,1322 ILLINOIS AVE,Ames,IA,50014.0
1522,3823 VIOLA MAE AVE,Ames,IA,50010.0
1523,2514 DALTON ST,Ames,IA,50010.0
1524,1117 JOHNSON ST,Ames,IA,50010.0
1525,715 GARNET DR,Ames,IA,50010.0
1526,308 N RUSSELL AVE,Ames,IA,50010.0
1527,2000 POLK DR,Ames,IA,50010.0
1528,630 RIVER OAK DR,Ames,IA,50010.0
1529,4023 MARIGOLD DR,Ames,IA,50014.0
1530,3218 OAKLAND ST,Ames,IA,50014.0
1531,736 GARNET DR,Ames,IA,50010.0
1532,2415 LAKESIDE DR,Ames,IA,50010.0
1533,4929 UTAH DR,Ames,IA,50014.0
1534,2523 DALTON ST,Ames,IA,50010.0
1535,1313 GARFIELD AVE,Ames,IA,50014.0
1536,609 SHELLEY AVE,Ames,IA,50014.0
1537,922 ARIZONA AVE,Ames,IA,50014.0
1538,2030 MELROSE AVE,Ames,IA,50010.0
1539,2731 CAMBRIDGE DR,Ames,IA,50010.0
1541,210 S RIVERSIDE DR,Ames,IA,50010.0
1542,2402 MELROSE AVE,Ames,IA,50010.0
1543,1411 20TH ST,Ames,IA,50010.0
1544,909 TENNYSON AVE,Ames,IA,50014.0
1545,409 S FRANKLIN AVE,Ames,IA,50014.0
1546,2014 KILDEE ST,Ames,IA,50014.0
1547,619 CRYSTAL ST,Ames,IA,50010.0
1548,3322 SOUTHDALE DR,Ames,IA,50010.0
1549,2409 SUNCREST DR,Ames,IA,50014.0
1550,1430 SUMMIT AVE,Ames,IA,50010.0
1551,507 HAYWARD AVE,Ames,IA,50014.0
1552,913 DELAWARE AVE,Ames,IA,50014.0
1553,1023 GRAND AVE,Ames,IA,50010.0
1554,522 SMILEY AVE,Ames,IA,50014.0
1555,306 COLORADO CIR,Ames,IA,50014.0
1556,2826 CAMBRIDGE DR,Ames,IA,50010.0
1557,2225 DONALD ST,Ames,IA,50014.0
1558,821 DELAWARE AVE,Ames,IA,50014.0
1559,1226 ROOSEVELT AVE,Ames,IA,50010.0
1560,1827 COOLIDGE DR,Ames,IA,50010.0
1561,431 OPAL CIR,Ames,IA,50010.0
1562,3127 ALMOND RD,Ames,IA,50014.0
1563,423 OLIVER AVE,Ames,IA,50014.0
1564,318 ROCKWELL AVE,Ames,IA,50014.0
1565,4122 QUEBEC ST,Ames,IA,50014.0
1566,521 BROWN CT,Ames,IA,50014.0
1567,3122 BAYBERRY RD,Ames,IA,50014.0
1568,2428 KINGSTON DR,Ames,IA,50010.0
1569,1712 WILSON AVE,Ames,IA,50010.0
1570,2916 HARRISON RD,Ames,IA,50010.0
1571,1912 DUFF AVE,Ames,IA,50010.0
1572,1226 CURTISS AVE,Ames,IA,50010.0
1573,4920 UTAH DR,Ames,IA,50014.0
1574,231 ABRAHAM DR,Ames,IA,50014.0
1575,1315 CARROLL AVE 1317,Ames,IA,50010.0
1576,406 PEARSON AVE,Ames,IA,50014.0
1577,4007 HYDE AVE,Ames,IA,50010.0
1578,5305 KANSAS DR,Ames,IA,50014.0
1579,5124 SCHUBERT ST,Ames,IA,50014.0
1580,1408 EDGEWATER CT,Ames,IA,
1581,217 E 7TH ST,Ames,IA,50010.0
1582,2922 HARRISON RD,Ames,IA,50010.0
1583,1005 HARDING AVE,Ames,IA,50010.0
1584,2312 CLAYTON DR,Ames,IA,50010.0
1585,3008 EISENHOWER CIR,Ames,IA,50010.0
1586,1319 ALBERTA AVE,Ames,IA,50014.0
1587,3112 EISENHOWER AVE,Ames,IA,50010.0
1588,1111 HARDING AVE,Ames,IA,50010.0
1589,1425 KELLOGG AVE,Ames,IA,50010.0
1590,3909 HYDE AVE,Ames,IA,50010.0
1591,1432 GRAND AVE,Ames,IA,50010.0
1592,3911 WESTLAWN DR,Ames,IA,50010.0
1593,1217 HARDING AVE,Ames,IA,50010.0
1594,2802 TORREY PINES CIR,Ames,IA,50010.0
1595,1611 DOUGLAS AVE,Ames,IA,50010.0
1596,5020 WALLER ST,Ames,IA,50014.0
1597,210 S FRANKLIN AVE,Ames,IA,50014.0
1598,1123 SCHOLL RD,Ames,IA,50014.0
1599,221 21ST ST,Ames,IA,50010.0
1600,3907 ROSS RD,Ames,IA,50014.0
1601,801 TENNYSON AVE,Ames,IA,50014.0
1602,619 ASH AVE,Ames,IA,50014.0
1603,517 HAYWARD AVE,Ames,IA,50014.0
1604,615 DULUTH ST 617,Ames,IA,50010.0
1605,1116 TOP O HOLLOW RD,Ames,IA,50010.0
1606,1404 28TH ST,Ames,IA,50010.0
1607,220 BEEDLE DR,Ames,IA,50014.0
1608,932 YUMA AVE,Ames,IA,50014.0
1609,2919 LINCOLN WAY,Ames,IA,50014.0
1610,1009 MAXWELL AVE,Ames,IA,50010.0
1611,1203 WILSON AVE,Ames,IA,50010.0
1612,418 12TH ST,Ames,IA,50010.0
1613,2019 FRILEY RD,Ames,IA,50014.0
1614,1403 COOLIDGE DR,Ames,IA,50010.0
1615,1642 JOHNSON ST,Ames,IA,50010.0
1616,207 ABRAHAM DR,Ames,IA,50014.0
1617,4831 HEMINGWAY DR,Ames,IA,50014.0
1618,1410 CARROLL AVE 1412,Ames,IA,50010.0
1619,600 RIDGEWOOD AVE,Ames,IA,50010.0
1620,511 10TH ST 513,Ames,IA,50010.0
1621,1515 NORTH DAKOTA AVE,Ames,IA,50014.0
1622,903 YUMA AVE,Ames,IA,50014.0
1623,538 HAYWARD AVE,Ames,IA,50014.0
1624,2314 WESTWIND DR,Ames,IA,50010.0
1625,4915 WESTBEND DR,Ames,IA,50014.0
1626,1422 SUMMIT AVE,Ames,IA,50010.0
1627,316 16TH ST,Ames,IA,50010.0
1629,3215 TUPELO CIR,Ames,IA,50014.0
1630,1304 16TH ST,Ames,IA,50010.0
1631,1115 ORCHARD DR,Ames,IA,50010.0
1632,208 S MAPLE AVE,Ames,IA,50010.0
1634,3265 DARTMOOR RD,Ames,IA,50014.0
1635,2513 PIERCE AVE,Ames,IA,50010.0
1636,3403 HONEYSUCKLE RD,Ames,IA,50010.0
1637,712 8TH ST,Ames,IA,50010.0
1638,5234 TEXAS CIR,Ames,IA,50014.0
1639,3326 SEDWICK ST,Ames,IA,50010.0
1640,4127 TORONTO ST,Ames,IA,50014.0
1641,1702 TOP O HOLLOW RD,Ames,IA,50010.0
1642,207 E 12TH ST,Ames,IA,50010.0
1643,2718 EISENHOWER AVE,Ames,IA,50010.0
1644,5229 NEVADA CIR,Ames,IA,50014.0
1645,5454 FROST DR,Ames,IA,50014.0
1646,409 BEEDLE DR,Ames,IA,50014.0
1647,812 ARIZONA AVE,Ames,IA,50014.0
1648,1112 KENNEDY ST,Ames,IA,50010.0
1649,621 DULUTH ST,Ames,IA,50010.0
1650,2512 EATON AVE,Ames,IA,50010.0
1651,1304 NORTHWESTERN AVE,Ames,IA,50010.0
1652,2629 STANGE RD,Ames,IA,50010.0
1654,306 21ST ST,Ames,IA,50010.0
1655,3307 NIXON AVE,Ames,IA,50010.0
1656,3140 EVERGREEN RD,Ames,IA,50014.0
1657,3909 HOOVER AVE,Ames,IA,50010.0
1658,2709 HAMPTON ST,Ames,IA,50010.0
1659,3913 HYDE AVE,Ames,IA,50010.0
1660,1422 BURNETT AVE,Ames,IA,50010.0
1661,713 8TH ST,Ames,IA,50010.0
1662,2602 CLAYTON DR,Ames,IA,50010.0
1663,307 S HAZEL AVE,Ames,IA,50010.0
1664,1009 MESA VERDE PL,Ames,IA,50014.0
1665,723 CARROLL AVE,Ames,IA,50010.0
1666,4014 BERKSHIRE AVE,Ames,IA,50010.0
1667,906 MURRAY DR,Ames,IA,50010.0
1668,3418 SOUTHDALE DR,Ames,IA,50010.0
1670,4126 APLIN RD,Ames,IA,50014.0
1671,3433 WOODLAND ST,Ames,IA,50014.0
1672,2812 ARBOR ST,Ames,IA,50014.0
1673,703 DUFF AVE,Ames,IA,50010.0
1674,4114 APLIN RD,Ames,IA,50014.0
1675,2423 GRANT CIR,Ames,IA,50010.0
1676,2317 FERNDALE AVE,Ames,IA,50010.0
1678,1818 24TH ST,Ames,IA,50010.0
1679,2217 DONALD ST,Ames,IA,50014.0
1680,1115 IOWA AVE,Ames,IA,50014.0
1681,2001 DOUGLAS AVE,Ames,IA,50010.0
1682,3905 MINNETONKA AVE,Ames,IA,50010.0
1683,209 HARTFORD DR,Ames,IA,50014.0
1684,723 WILDER BLVD,Ames,IA,50014.0
1685,1821 MAXWELL AVE,Ames,IA,50010.0
1686,213 7TH ST,Ames,IA,50010.0
1687,1125 GRAND AVE,Ames,IA,50010.0
1688,2430 RIDGETOP CIR,Ames,IA,50014.0
1689,2013 MELROSE AVE,Ames,IA,50010.0
1690,1911 STONE BROOKE RD,Ames,IA,50010.0
1691,2905 WOOD ST,Ames,IA,50014.0
1692,3902 EISENHOWER AVE,Ames,IA,50010.0
1693,3825 ONTARIO ST,Ames,IA,50014.0
1694,1329 GRAND AVE,Ames,IA,50010.0
1695,3320 EMERALD DR,Ames,IA,50010.0
1696,311 11TH ST,Ames,IA,50010.0
1697,3003 ROXBORO DR,Ames,IA,50010.0
1698,3020 HARRISON RD,Ames,IA,50010.0
1699,3220 MAGNOLIA CIR,Ames,IA,50014.0
1700,1218 WISCONSIN AVE,Ames,IA,50014.0
1701,5445 FROST DR,Ames,IA,50014.0
1702,5316 THACKERAY DR,Ames,IA,50014.0
1703,2234 KNAPP ST,Ames,IA,50014.0
1704,2033 FERNDALE AVE,Ames,IA,50010.0
1705,4011 DAWES DR,Ames,IA,50010.0
1706,513 GARDEN RD 515,Ames,IA,50010.0
1707,4007 WESTLAWN DR,Ames,IA,50010.0
1708,3006 KELLOGG AVE,Ames,IA,50010.0
1709,1422 CURTISS AVE,Ames,IA,50010.0
1711,5300 MARYLAND ST,Ames,IA,50014.0
1712,719 DOUGLAS AVE,Ames,IA,50010.0
1713,611 16TH ST,Ames,IA,50010.0
1714,1504 GOLDEN ASPEN DR,Ames,IA,50010.0
1715,2222 DUFF AVE,Ames,IA,50010.0
1716,1314 MAXWELL AVE,Ames,IA,50010.0
1717,418 STANTON AVE,Ames,IA,50014.0
1718,1427 SUMMIT AVE,Ames,IA,50010.0
1719,2408 WELBECK DR,Ames,IA,50010.0
1720,607 9TH ST 609,Ames,IA,50010.0
1721,1001 KENNEDY ST,Ames,IA,50010.0
1722,606 NORTHWESTERN AVE,Ames,IA,50010.0
1723,1021 CARROLL AVE,Ames,IA,50010.0
1724,2410 GRANT CIR,Ames,IA,50010.0
1725,2416 EATON AVE,Ames,IA,50010.0
1726,2306 CLARK AVE,Ames,IA,50010.0
1727,4204 CRESTMOOR AVE,Ames,IA,50010.0
1728,1306 IOWA CIR,Ames,IA,50014.0
1729,3022 ALMOND RD,Ames,IA,50014.0
1730,3211 TUPELO CIR,Ames,IA,50014.0
1732,908 TOP O HOLLOW RD,Ames,IA,50010.0
1733,1303 STAFFORD AVE,Ames,IA,50010.0
1734,3309 ROSS RD,Ames,IA,50014.0
1735,3205 MAGNOLIA CIR,Ames,IA,50014.0
1736,3839 BERKSHIRE AVE,Ames,IA,50010.0
1737,2735 DUFF AVE,Ames,IA,50010.0
1738,1512 KENTUCKY AVE,Ames,IA,50014.0
1739,3825 WELBECK DR,Ames,IA,50010.0
1740,4801 IDAHO CIR,Ames,IA,50014.0
1741,417 10TH ST,Ames,IA,50010.0
1742,2631 STANGE RD,Ames,IA,50010.0
1743,1305 TRUMAN PL,Ames,IA,50010.0
1744,4112 TORONTO ST,Ames,IA,50014.0
1745,3413 COY ST,Ames,IA,50014.0
1746,5015 EMERSON DR,Ames,IA,50014.0
1747,1034 VERMONT CT,Ames,IA,50014.0
1748,918 ROOSEVELT AVE,Ames,IA,50010.0
1749,2128 MELROSE AVE,Ames,IA,50010.0
1750,4634 TWAIN ST,Ames,IA,50014.0
1751,2711 CAMBRIDGE DR,Ames,IA,50010.0
1752,540 MEADOW CT,Ames,IA,50010.0
1754,1215 CURTISS AVE,Ames,IA,50010.0
1756,5207 TABOR DR,Ames,IA,50014.0
1757,2103 COUNTRY CLUB BLVD,Ames,IA,50014.0
1758,3831 BROOKDALE AVE,Ames,IA,50010.0
1759,1322 DOUGLAS AVE,Ames,IA,50010.0
1760,2304 COTTONWOOD RD,Ames,IA,50014.0
1761,923 MAXWELL AVE,Ames,IA,50010.0
1762,2116 NORTHWESTERN AVE,Ames,IA,50010.0
1763,2317 BAKER ST,Ames,IA,50014.0
1764,5305 NORRIS ST,Ames,IA,50014.0
1765,1423 ROOSEVELT AVE,Ames,IA,50010.0
1766,1460 BRECKINRIDGE CT,Ames,IA,50010.0
1767,320 ASH AVE,Ames,IA,50014.0
1768,1534 LINDEN DR,Ames,IA,50010.0
1769,3403 POLARIS DR,Ames,IA,50010.0
1770,611 HODGE AVE,Ames,IA,50010.0
1771,4939 HEMINGWAY DR,Ames,IA,50014.0
1772,2238 KNAPP ST,Ames,IA,50014.0
1773,120 MCDONALD DR,Ames,IA,50014.0
1774,5212 CERVANTES DR,Ames,IA,50014.0
1775,2921 NORTHWESTERN AVE,Ames,IA,50010.0
1776,126 S FRANKLIN AVE,Ames,IA,50014.0
1777,1141 OKLAHOMA DR,Ames,IA,50014.0
1778,324 WILDER BLVD,Ames,IA,50014.0
1779,1314 IOWA CIR,Ames,IA,50014.0
1780,1018 N 2ND ST,Ames,IA,50010.0
1781,515 24TH ST 517,Ames,IA,50010.0
1782,2613 YORKSHIRE ST,Ames,IA,50010.0
1783,3210 NIXON AVE,Ames,IA,50010.0
1784,4605 HEMINGWAY DR,Ames,IA,50014.0
1785,208 HARTFORD DR,Ames,IA,50014.0
1786,2317 CLARK AVE,Ames,IA,50010.0
1787,5512 MARYLAND ST,Ames,IA,50014.0
1788,2753 CLEVELAND DR,Ames,IA,50010.0
1789,1466 TRUMAN PL,Ames,IA,50010.0
1790,1124 N 2ND ST,Ames,IA,50010.0
1791,3130 BAYBERRY RD,Ames,IA,50014.0
1792,310 24TH ST,Ames,IA,50010.0
1793,1205 IDAHO CT,Ames,IA,50014.0
1794,1210 28TH ST,Ames,IA,50010.0
1795,1121 TOP O HOLLOW RD 1123,Ames,IA,50010.0
1796,3826 MARIGOLD DR,Ames,IA,50014.0
1797,432 E 20TH ST,Ames,IA,50010.0
1798,4033 EISENHOWER AVE,Ames,IA,50010.0
1799,2409 WELBECK DR,Ames,IA,50010.0
1800,2122 WINDFIELD DR,Ames,IA,50010.0
1801,228 SOUTH DAKOTA AVE,Ames,IA,50014.0
1802,2912 ONTARIO ST,Ames,IA,50014.0
1803,3022 STORY ST,Ames,IA,50014.0
1804,304 TOPAZ CT,Ames,IA,50010.0
1805,2521 LITTLE ST,Ames,IA,50014.0
1806,1512 MEADOWLANE AVE,Ames,IA,50010.0
1807,1128 JOHNSON ST,Ames,IA,50010.0
1809,2404 CLAYTON DR,Ames,IA,50010.0
1810,3318 EISENHOWER AVE,Ames,IA,50010.0
1811,713 CRAWFORD AVE,Ames,IA,50010.0
1812,3210 TUPELO CIR,Ames,IA,50014.0
1813,623 9TH ST,Ames,IA,50010.0
1814,4625 TWAIN ST,Ames,IA,50014.0
1815,510 NORTHWESTERN AVE,Ames,IA,50010.0
1816,4008 EDGEWATER DR,Ames,IA,50010.0
1817,2617 CLEVELAND DR,Ames,IA,50010.0
1818,2022 GREELEY ST,Ames,IA,50014.0
1822,815 FURMAN DR,Ames,IA,50010.0
1823,2500 NORTHWESTERN AVE,Ames,IA,50010.0
1824,426 E 20TH ST,Ames,IA,50010.0
1825,5027 EMERSON DR,Ames,IA,50014.0
1826,1201 ROOSEVELT AVE,Ames,IA,50010.0
1827,5419 KANSAS DR,Ames,IA,50014.0
1828,1520 BURNETT AVE,Ames,IA,50010.0
1829,2407 NORTHWESTERN AVE,Ames,IA,50010.0
1830,411 HARTFORD DR,Ames,IA,50014.0
1831,509 24TH ST,Ames,IA,50010.0
1832,2136 DUFF AVE,Ames,IA,50010.0
1833,5422 KANSAS DR,Ames,IA,50014.0
1834,333 PEARSON AVE,Ames,IA,50014.0
1835,107 S MAPLE AVE,Ames,IA,50010.0
1836,712 WILDER BLVD,Ames,IA,50014.0
1837,3039 BURNHAM DR,Ames,IA,50010.0
1838,1326 BARKLEY CT,Ames,IA,50010.0
1839,2130 PRAIRIE VIEW EAST,Ames,IA,50010.0
1840,2217 MELROSE AVE,Ames,IA,50010.0
1841,2438 WELBECK DR,Ames,IA,50010.0
1842,3304 NIXON AVE,Ames,IA,50010.0
1843,1112 IOWA AVE,Ames,IA,50014.0
1844,3218 LETTIE ST,Ames,IA,50014.0
1845,1103 CLARK AVE,Ames,IA,50010.0
1846,1110 JOHNSON ST,Ames,IA,50010.0
1847,3125 WESTON DR,Ames,IA,50010.0
1848,914 MURRAY DR,Ames,IA,50010.0
1849,4018 ONTARIO ST,Ames,IA,50014.0
1850,1511 INDIANA AVE,Ames,IA,50014.0
1851,3329 HARCOURT DR,Ames,IA,50010.0
1852,1418 NEBRASKA AVE,Ames,IA,50014.0
1853,4626 WEBSTER ST,Ames,IA,50014.0
1854,3834 MARIGOLD DR,Ames,IA,50014.0
1855,5402 CERVANTES DR,Ames,IA,50014.0
1856,1326 MAXWELL AVE,Ames,IA,50010.0
1857,1105 STAFFORD AVE,Ames,IA,50010.0
1858,1914 FERNDALE AVE,Ames,IA,50010.0
1859,618 9TH ST,Ames,IA,50010.0
1860,4709 CLEMENS BLVD,Ames,IA,50014.0
1861,217 DOTSON DR,Ames,IA,50014.0
1862,2204 FILLMORE AVE,Ames,IA,50010.0
1863,412 KEN MARIL RD,Ames,IA,50010.0
1864,2908 HARRISON RD,Ames,IA,50010.0
1865,3010 HARRISON RD,Ames,IA,50010.0
1866,3224 ROSS RD,Ames,IA,50014.0
1867,127 16TH ST,Ames,IA,50010.0
1868,115 15TH ST,Ames,IA,50010.0
1869,2621 GREEN HILLS DR,Ames,IA,50014.0
1870,2315 SUNDOWN DR,Ames,IA,50014.0
1871,411 HILLTOP RD,Ames,IA,50014.0
1873,4629 TWAIN ST,Ames,IA,50014.0
1874,213 S HYLAND AVE,Ames,IA,50014.0
1875,732 GARNET DR,Ames,IA,50010.0
1876,1117 KENNEDY ST,Ames,IA,50010.0
1877,3412 HARCOURT DR,Ames,IA,50010.0
1878,3809 PHOENIX ST,Ames,IA,50014.0
1879,328 CRYSTAL ST,Ames,IA,50010.0
1880,419 18TH ST,Ames,IA,50010.0
1881,1326 STAFFORD AVE,Ames,IA,50010.0
1882,1624 TOP O HOLLOW RD,Ames,IA,50010.0
1883,1415 DUFF AVE,Ames,IA,50010.0
1884,3714 S DUFF AVE,Ames,IA,50010.0
1885,1311 CARROLL AVE 1313,Ames,IA,50010.0
1886,1718 COOLIDGE DR,Ames,IA,50010.0
1887,2326 KNAPP ST,Ames,IA,50014.0
1888,1600 TRUMAN DR,Ames,IA,50010.0
1889,3714 WOODLAND ST,Ames,IA,50014.0
1890,1417 MARSTON AVE,Ames,IA,50010.0
1891,2403 WELBECK DR,Ames,IA,50010.0
1892,2406 WESTWIND DR,Ames,IA,50010.0
1893,3715 EMERALD DR,Ames,IA,50010.0
1894,2220 JENSEN AVE,Ames,IA,50010.0
1895,5213 TABOR DR,Ames,IA,50014.0
1896,3908 EISENHOWER AVE,Ames,IA,50010.0
1897,3019 BECKLEY ST,Ames,IA,50010.0
1898,1025 GASKILL DR,Ames,IA,50014.0
1899,2910 ROXBORO DR,Ames,IA,50010.0
1900,2888 MONROE DR,Ames,IA,50010.0
1901,821 MILLER AVE,Ames,IA,50014.0
1902,1217 SCOTT AVE,Ames,IA,50014.0
1903,3002 WOODLAND ST,Ames,IA,50014.0
1904,1322 DUFF AVE,Ames,IA,50010.0
1905,2220 ASH AVE,Ames,IA,50014.0
1907,2312 KNAPP ST,Ames,IA,50014.0
1908,712 CLARK AVE,Ames,IA,50010.0
1909,2623 STANGE RD,Ames,IA,50010.0
1910,1009 CLARK AVE,Ames,IA,50010.0
1911,624 CRYSTAL ST,Ames,IA,50010.0
1912,3301 ROSS RD,Ames,IA,50014.0
1913,2211 BUCHANAN DR,Ames,IA,50010.0
1914,1424 BRECKINRIDGE CT,Ames,IA,50010.0
1915,731 5TH ST,Ames,IA,50010.0
1916,513 9TH ST,Ames,IA,50010.0
1917,4202 STONE BROOKE RD,Ames,IA,50010.0
1918,1329 TRUMAN PL,Ames,IA,50010.0
1919,925 GASKILL DR,Ames,IA,50014.0
1920,113 S RUSSELL AVE,Ames,IA,50010.0
1921,1501 REAGAN DR,Ames,IA,50010.0
1922,3126 BURNHAM DR,Ames,IA,50010.0
1923,3209 WESTON DR,Ames,IA,50010.0
1924,3821 BROOKDALE AVE,Ames,IA,50010.0
1925,2644 CLEVELAND DR,Ames,IA,50010.0
1926,218 16TH ST,Ames,IA,50010.0
1927,2850 MONROE DR,Ames,IA,50010.0
1928,909 KELLOGG AVE,Ames,IA,50010.0
1929,3214 NIXON AVE,Ames,IA,50010.0
1930,1411 CURTISS AVE,Ames,IA,50010.0
1931,3118 ASPEN RD,Ames,IA,50014.0
1932,2810 WHITE OAK DR,Ames,IA,50014.0
1933,3113 HARRISON RD,Ames,IA,50010.0
1934,5322 DURANT ST,Ames,IA,50014.0
1936,4817 WALLER ST,Ames,IA,50014.0
1937,1111 ORCHARD DR,Ames,IA,50010.0
1938,1311 COOLIDGE DR,Ames,IA,50010.0
1939,925 MAXWELL AVE,Ames,IA,50010.0
1940,205 DOTSON DR,Ames,IA,50014.0
1942,1520 CALIFORNIA AVE,Ames,IA,50014.0
1945,2322 BUCHANAN DR,Ames,IA,50010.0
1946,4002 BRICKMAN AVE,Ames,IA,50010.0
1947,3813 WESTLAWN DR,Ames,IA,50010.0
1948,2822 OAKLAND ST 2824,Ames,IA,50014.0
1949,621 CLARK AVE,Ames,IA,50010.0
1950,2233 MCKINLEY CT,Ames,IA,50010.0
1951,321 E 6TH ST,Ames,IA,50010.0
1952,5318 DURANT ST,Ames,IA,50014.0
1953,2219 HAYES AVE,Ames,IA,50010.0
1954,2317 CAMDEN DR,Ames,IA,50010.0
1955,3001 SAPPHIRE CIR,Ames,IA,50010.0
1956,2522 PIERCE AVE,Ames,IA,50010.0
1958,1317 WILSON AVE,Ames,IA,50010.0
1959,1428 NORTHWESTERN AVE,Ames,IA,50010.0
1960,1012 TOP O HOLLOW RD,Ames,IA,50010.0
1961,1130 STAFFORD AVE,Ames,IA,50010.0
1962,4927 WESTBEND DR,Ames,IA,50014.0
1963,515 LYNN AVE,Ames,IA,50014.0
1964,425 20TH ST,Ames,IA,50010.0
1965,1413 WHEELER ST,Ames,IA,50010.0
1966,3813 EISENHOWER AVE,Ames,IA,50010.0
1967,3721 WOODLAND ST,Ames,IA,50014.0
1968,2056 PINEHURST DR,Ames,IA,50010.0
1969,5423 NORRIS ST,Ames,IA,50014.0
1970,1212 N 2ND ST,Ames,IA,50010.0
1971,828 BURNETT AVE,Ames,IA,50010.0
1972,3915 BRICKMAN AVE,Ames,IA,50010.0
1973,2413 KINGSTON DR,Ames,IA,50010.0
1974,4003 WESTLAWN DR,Ames,IA,50010.0
1975,3210 FOXLEY DR,Ames,IA,50010.0
1976,3917 VIOLA MAE AVE,Ames,IA,50010.0
1977,1020 10TH ST,Ames,IA,50010.0
1978,500 GARDEN RD,Ames,IA,50010.0
1979,2523 YORKSHIRE ST,Ames,IA,50010.0
1980,4617 TWAIN ST,Ames,IA,50014.0
1981,2407 DUFF AVE,Ames,IA,50010.0
1982,211 16TH ST,Ames,IA,50010.0
1983,3906 DAWES DR,Ames,IA,50010.0
1984,1313 CLARK AVE,Ames,IA,50010.0
1985,2908 WOOD ST,Ames,IA,50014.0
1986,1235 MICHIGAN AVE,Ames,IA,50014.0
1987,3410 EMERALD DR,Ames,IA,50010.0
1988,1316 DOUGLAS AVE,Ames,IA,50010.0
1989,1422 CALIFORNIA AVE,Ames,IA,50014.0
1990,129 E 9TH ST,Ames,IA,50010.0
1991,1616 AMHERST DR,Ames,IA,50014.0
1992,1308 ALBERTA AVE,Ames,IA,50014.0
1993,2822 ASPEN RD,Ames,IA,50010.0
1994,3128 KINGMAN RD,Ames,IA,50014.0
1995,2912 OAKLAND ST,Ames,IA,50014.0
1997,3819 VIOLA MAE AVE,Ames,IA,50010.0
1998,1512 STONE BROOKE RD,Ames,IA,50010.0
1999,2225 CLARK AVE,Ames,IA,50010.0
2000,2218 WINDFIELD DR,Ames,IA,50010.0
2001,914 BROOKRIDGE AVE,Ames,IA,50010.0
2002,2514 MELROSE AVE,Ames,IA,50010.0
2003,1942 STEVENSON DR,Ames,IA,50010.0
2004,2048 CESSNA ST,Ames,IA,50014.0
2005,1818 WATERBURY CIR,Ames,IA,50010.0
2006,3145 SYCAMORE RD,Ames,IA,50014.0
2007,2100 ASHMORE DR,Ames,IA,50014.0
2008,5407 DURANT ST,Ames,IA,50014.0
2009,2130 DUFF AVE,Ames,IA,50010.0
2010,1104 TOP O HOLLOW RD,Ames,IA,50010.0
2011,804 DUFF AVE,Ames,IA,50010.0
2012,2141 STEVENSON DR,Ames,IA,50010.0
2013,803 FURMAN DR,Ames,IA,50010.0
2014,2824 GREENSBORO DR,Ames,IA,50010.0
2015,3312 S DUFF AVE,Ames,IA,50010.0
2016,526 SMILEY AVE,Ames,IA,50014.0
2017,1422 CARROLL AVE,Ames,IA,50010.0
2018,314 12TH ST,Ames,IA,50010.0
2020,722 RIDGEWOOD AVE,Ames,IA,50010.0
2021,3328 JEFFERSON CIR,Ames,IA,50010.0
2022,2101 BUCHANAN DR,Ames,IA,50010.0
2023,3803 MINNETONKA AVE,Ames,IA,50010.0
2024,1537 LINDEN DR,Ames,IA,50010.0
2025,1332 ARIZONA AVE,Ames,IA,50014.0
2026,3210 WESTON DR,Ames,IA,50010.0
2027,2614 CAMDEN DR,Ames,IA,50010.0
2028,1303 KENTUCKY AVE,Ames,IA,50014.0
2029,2006 POLK DR,Ames,IA,50010.0
2030,1604 CLARK AVE,Ames,IA,50010.0
2031,617 BARR DR,Ames,IA,50010.0
2032,721 CLARK AVE,Ames,IA,50010.0
2033,119 HARTFORD DR,Ames,IA,50014.0
2034,3115 ASPEN RD,Ames,IA,50014.0
2035,5419 DURANT ST,Ames,IA,50014.0
2036,2943 NORTHWESTERN AVE,Ames,IA,50010.0
2037,1409 TRUMAN PL,Ames,IA,50010.0
2038,5405 NORRIS ST,Ames,IA,50014.0
2039,206 DOTSON DR,Ames,IA,50014.0
2040,5426 CLEMENS BLVD,Ames,IA,50014.0
2041,5311 NORRIS ST,Ames,IA,50014.0
2042,5500 KANSAS DR,Ames,IA,50014.0
2043,1021 LINCOLN WAY,Ames,IA,50010.0
2044,1827 MAXWELL AVE,Ames,IA,50010.0
2045,212 E 9TH ST,Ames,IA,50010.0
2046,2820 NORTHWOOD DR,Ames,IA,50010.0
2047,1906 WILSON AVE,Ames,IA,50010.0
2048,3011 LINCOLN WAY,Ames,IA,50014.0
2049,1948 WYNGATE DR,Ames,IA,50010.0
2050,1226 CARROLL AVE,Ames,IA,50010.0
2051,1323 GRAND AVE,Ames,IA,50010.0
2052,3102 BURNHAM DR,Ames,IA,50010.0
2053,3319 HARCOURT DR,Ames,IA,50010.0
2054,210 21ST ST,Ames,IA,50010.0
2056,4406 ROSS RD,Ames,IA,50014.0
2057,3115 VALLEY VIEW RD,Ames,IA,50014.0
2058,203 HARTFORD DR,Ames,IA,50014.0
2059,1516 BURNETT AVE,Ames,IA,50010.0
2060,2953 MONROE DR,Ames,IA,50010.0
2061,1226 MARSTON AVE,Ames,IA,50010.0
2062,2111 HAYES AVE 2113,Ames,IA,50010.0
2063,1012 GRAND AVE,Ames,IA,50010.0
2064,717 MEADOW PL,Ames,IA,50010.0
2065,3103 EISENHOWER AVE,Ames,IA,50010.0
2066,4619 TWAIN ST,Ames,IA,50014.0
2067,2305 BROADMOOR AVE,Ames,IA,50010.0
2068,3820 WESTLAWN DR,Ames,IA,50010.0
2070,4925 UTAH DR,Ames,IA,50014.0
2071,3304 HOOVER AVE,Ames,IA,50010.0
2072,2310 HAYES AVE,Ames,IA,50010.0
2073,1604 JACKSON DR,Ames,IA,50010.0
2074,1118 N 3RD ST,Ames,IA,50010.0
2075,304 S FRANKLIN AVE,Ames,IA,50014.0
2076,3011 BECKLEY ST,Ames,IA,50010.0
2077,1431 CARROLL AVE,Ames,IA,50010.0
2078,3421 EISENHOWER AVE,Ames,IA,50010.0
2079,1920 CLARK AVE,Ames,IA,50010.0
2080,508 LYNN AVE,Ames,IA,50014.0
2081,3207 JEWEL CIR,Ames,IA,50010.0
2082,2035 WYNGATE DR,Ames,IA,50010.0
2083,2118 IRONWOOD CT,Ames,IA,50014.0
2084,609 STANTON AVE,Ames,IA,50014.0
2085,1217 IDAHO AVE,Ames,IA,50014.0
2086,308 SOUTH DAKOTA AVE,Ames,IA,50014.0
2087,5307 MARYLAND ST,Ames,IA,50014.0
2088,1603 TRUMAN DR,Ames,IA,50010.0
2089,3514 ANNEAR ST,Ames,IA,50014.0
2090,1723 MAXWELL AVE,Ames,IA,50010.0
2091,4004 ONTARIO ST,Ames,IA,50014.0
2092,3920 DAWES DR,Ames,IA,50010.0
2093,1508 CARROLL AVE,Ames,IA,50010.0
2094,2911 RIDGETOP RD,Ames,IA,50014.0
2095,4920 CLEMENS BLVD,Ames,IA,50014.0
2096,5225 KANSAS DR,Ames,IA,50014.0
2097,2710 THOMPSON DR,Ames,IA,50010.0
2098,3833 MARIGOLD DR,Ames,IA,50014.0
2099,620 RIVER OAK DR,Ames,IA,50010.0
2100,1421 STAFFORD AVE,Ames,IA,50010.0
2101,321 CRANE AVE,Ames,IA,50014.0
2102,1107 SCOTT AVE,Ames,IA,50014.0
2103,3702 JEWEL DR,Ames,IA,50010.0
2104,1028 MARSTON AVE,Ames,IA,50010.0
2105,4101 ROSS RD,Ames,IA,50014.0
2106,429 E 6TH ST,Ames,IA,50010.0
2107,2231 CLARK AVE,Ames,IA,50010.0
2108,805 TENNYSON AVE,Ames,IA,50014.0
2109,3411 BUCHANAN CT,Ames,IA,50010.0
2110,4131 STONE BROOKE RD,Ames,IA,50010.0
2111,810 HODGE AVE,Ames,IA,50010.0
2112,2905 ONTARIO ST 2907,Ames,IA,50014.0
2113,4908 CLEMENS BLVD,Ames,IA,50014.0
2114,5221 MARYLAND ST,Ames,IA,50014.0
2115,1015 ROOSEVELT AVE,Ames,IA,50010.0
2116,2118 GREENBRIAR CIR,Ames,IA,50014.0
2117,1315 MARSTON AVE,Ames,IA,50010.0
2118,1608 JACKSON DR,Ames,IA,50010.0
2119,3412 JEWEL DR,Ames,IA,50010.0
2120,2144 SUNSET DR 2146,Ames,IA,50014.0
2121,217 S HYLAND AVE,Ames,IA,50014.0
2122,901 RIDGEWOOD AVE,Ames,IA,50010.0
2123,540 FOREST GLEN,Ames,IA,50014.0
2124,618 DOYLE AVE,Ames,IA,50014.0
2125,5249 THACKERAY DR,Ames,IA,50014.0
2126,1207 ARIZONA AVE,Ames,IA,50014.0
2127,3805 TORONTO ST,Ames,IA,50014.0
2128,307 CRYSTAL ST,Ames,IA,50010.0
2130,1139 JOHNSON ST,Ames,IA,50010.0
2132,2416 KINGSTON DR,Ames,IA,50010.0
2133,4521 CLEMENS BLVD,Ames,IA,50014.0
2134,2006 WYNGATE DR,Ames,IA,50010.0
2135,3316 PRESTON CIR,Ames,IA,50010.0
2136,2511 KELLOGG AVE,Ames,IA,50010.0
2137,2919 NORTHWOOD DR,Ames,IA,50010.0
2138,1412 MEADOWLANE AVE,Ames,IA,50010.0
2140,5309 TABOR DR,Ames,IA,50014.0
2141,2105 FRILEY RD,Ames,IA,50014.0
2142,2502 BRISTOL DR,Ames,IA,50010.0
2143,437 HILLTOP RD,Ames,IA,50014.0
2144,811 12TH ST,Ames,IA,50010.0
2145,1412 NEBRASKA AVE,Ames,IA,50014.0
2146,2917 EISENHOWER AVE,Ames,IA,50010.0
2147,2206 WINDFIELD DR,Ames,IA,50010.0
2148,4709 TWAIN ST,Ames,IA,50014.0
2149,3116 BURNHAM DR,Ames,IA,50010.0
2150,1409 MAXWELL AVE,Ames,IA,50010.0
2151,2421 CLAYTON DR,Ames,IA,50010.0
2152,1304 20TH ST,Ames,IA,50010.0
2153,2620 CAMDEN DR,Ames,IA,50010.0
2154,3139 SYCAMORE RD,Ames,IA,50014.0
2155,925 CARROLL AVE,Ames,IA,50010.0
2156,2160 COUNTRY CLUB BLVD,Ames,IA,50014.0
2157,3115 COTTONTAIL LN,Ames,IA,50014.0
2158,202 STATE AVE,Ames,IA,50014.0
2159,1402 DOUGLAS AVE,Ames,IA,50010.0
2160,808 10TH ST,Ames,IA,50010.0
2161,3812 ONTARIO ST,Ames,IA,50014.0
2162,5317 KANSAS DR,Ames,IA,50014.0
2163,818 TENNYSON AVE,Ames,IA,50014.0
2164,318 HILLTOP RD,Ames,IA,50014.0
2165,2324 STORM ST,Ames,IA,50014.0
2166,4313 HARRISON CIR,Ames,IA,50010.0
2167,225 PARKRIDGE CIR,Ames,IA,50014.0
2168,4500 HEMINGWAY DR,Ames,IA,50014.0
2169,3215 GARNER AVE,Ames,IA,50010.0
2170,430 OLIVER AVE,Ames,IA,50014.0
2171,1701 AMHERST DR,Ames,IA,50014.0
2172,2226 DONALD ST,Ames,IA,50014.0
2173,2721 HAMPTON ST,Ames,IA,50010.0
2174,2818 TORREY PINES RD,Ames,IA,50010.0
2175,2018 BURNETT AVE,Ames,IA,50010.0
2176,1416 JEFFERSON ST,Ames,IA,50010.0
2177,2708 STATE AVE,Ames,IA,50014.0
2178,2012 COUNTRY CLUB BLVD,Ames,IA,50014.0
2179,3422 CLINTON CT,Ames,IA,50010.0
2180,1232 ARIZONA AVE,Ames,IA,50014.0
2181,218 ROCKWELL AVE,Ames,IA,50014.0
2182,1518 GOLDEN ASPEN DR,Ames,IA,50010.0
2183,4908 WALLER ST,Ames,IA,50014.0
2184,407 PEARSON AVE,Ames,IA,50014.0
2185,3604 ANNEAR ST,Ames,IA,50014.0
2186,1126 CLARK AVE,Ames,IA,50010.0
2187,1406 RIDGEWOOD AVE,Ames,IA,50010.0
2188,4907 SCHUBERT ST,Ames,IA,50014.0
2189,220 S MAPLE AVE,Ames,IA,50010.0
2190,322 WESTWOOD DR,Ames,IA,50014.0
2191,606 DOYLE AVE,Ames,IA,50014.0
2192,2860 GREENSBORO CIR,Ames,IA,50010.0
2193,1471 TRUMAN PL,Ames,IA,50010.0
2194,5513 DURANT ST,Ames,IA,50014.0
2197,1204 20TH ST,Ames,IA,50010.0
2198,1423 GLENDALE AVE,Ames,IA,50010.0
2199,3906 WESTLAWN DR,Ames,IA,50010.0
2200,5232 SCHUBERT ST,Ames,IA,50014.0
2201,2318 JENSEN AVE,Ames,IA,50010.0
2202,3201 FOXLEY DR,Ames,IA,50010.0
2203,2604 KINGSTON DR,Ames,IA,50010.0
2204,614 20TH ST,Ames,IA,50010.0
2205,2417 BRADFORD DR,Ames,IA,50010.0
2206,1436 BRECKINRIDGE CT,Ames,IA,50010.0
2207,3232 ELLIS ST,Ames,IA,50014.0
2208,304 SOUTH DAKOTA AVE,Ames,IA,50014.0
2209,2509 STORM ST 2511,Ames,IA,50014.0
2210,824 CLARK AVE,Ames,IA,50010.0
2211,5121 EMERSON DR,Ames,IA,50014.0
2212,1017 KENNEDY ST,Ames,IA,50010.0
2213,3316 ONTARIO ST,Ames,IA,50014.0
2214,2926 ROXBORO DR,Ames,IA,50010.0
2215,3312 DARTMOOR LN,Ames,IA,50014.0
2216,3005 BURNHAM DR,Ames,IA,50010.0
2217,5416 KANSAS DR,Ames,IA,50014.0
2218,1211 BURNETT AVE,Ames,IA,50010.0
2219,3431 SOUTHDALE DR,Ames,IA,50010.0
2221,2342 STORM ST,Ames,IA,50014.0
2222,2707 HAMPTON ST,Ames,IA,50010.0
2223,2802 THOMPSON DR,Ames,IA,50010.0
2224,5334 CERVANTES DR,Ames,IA,50014.0
2225,717 10TH ST,Ames,IA,50010.0
2226,1323 CARROLL AVE,Ames,IA,50010.0
2227,2110 PRAIRIE VIEW EAST,Ames,IA,50010.0
2228,902 ARIZONA AVE,Ames,IA,50014.0
2229,2222 STORM ST,Ames,IA,50014.0
2230,2223 MELROSE AVE,Ames,IA,50010.0
2231,1239 ORCHARD DR,Ames,IA,50010.0
2232,5404 NORRIS ST,Ames,IA,50014.0
2233,4624 CLEMENS BLVD,Ames,IA,50014.0
2234,633 9TH ST,Ames,IA,50010.0
2235,303 N RUSSELL AVE,Ames,IA,50010.0
2236,2805 WHITE OAK DR,Ames,IA,50014.0
2237,2221 CLARK AVE,Ames,IA,50010.0
2238,930 DUFF AVE,Ames,IA,50010.0
2239,809 HUNZIKER DR,Ames,IA,50010.0
2241,2920 NORTHRIDGE PKWY,Ames,IA,50014.0
2242,2804 NORTHWESTERN AVE,Ames,IA,50010.0
2243,623 RIVER OAK DR,Ames,IA,50010.0
2244,3611 OAKLAND ST,Ames,IA,50014.0
2245,1230 MARSTON AVE,Ames,IA,50010.0
2246,2017 NORTHWESTERN AVE,Ames,IA,50010.0
2247,2816 LINCOLN WAY,Ames,IA,50014.0
2248,1209 SCHOLL RD,Ames,IA,50014.0
2249,3018 DIAMOND ST,Ames,IA,50010.0
2250,1465 BRECKINRIDGE CT,Ames,IA,50010.0
2251,3119 HARRISON RD,Ames,IA,50010.0
2252,5007 KANSAS DR,Ames,IA,50014.0
2253,3902 VALLEY VIEW RD,Ames,IA,50010.0
2254,3515 EMERALD DR,Ames,IA,50010.0
2255,1712 COOLIDGE DR,Ames,IA,50010.0
2256,5303 THACKERAY DR,Ames,IA,50014.0
2257,512 10TH ST,Ames,IA,50010.0
2258,818 MURRAY DR,Ames,IA,50010.0
2259,3825 MARIGOLD DR,Ames,IA,50014.0
2260,1123 HARDING AVE,Ames,IA,50010.0
2261,618 CRAWFORD AVE,Ames,IA,50010.0
2262,4142 TORONTO ST,Ames,IA,50014.0
2263,3113 RED FOX RD,Ames,IA,50014.0
2264,830 RIDGEWOOD AVE,Ames,IA,50010.0
2265,336 ROCKWELL AVE,Ames,IA,50014.0
2266,212 S HAZEL AVE,Ames,IA,50010.0
2267,1111 OKLAHOMA DR,Ames,IA,50014.0
2268,3733 BLANSHAN DR,Ames,IA,50010.0
2269,1401 RIDGEWOOD AVE,Ames,IA,50010.0
2270,1103 WILSON AVE,Ames,IA,50010.0
2271,2004 GREENBRIAR CIR,Ames,IA,50014.0
2272,3101 BECKLEY ST,Ames,IA,50010.0
2273,515 BROWN CT,Ames,IA,50014.0
2274,202 TODD CIR,Ames,IA,
2275,2827 WOOD ST,Ames,IA,50014.0
2276,1109 MARSTON AVE,Ames,IA,50010.0
2277,321 JEWEL DR,Ames,IA,50010.0
2278,1718 ROOSEVELT AVE,Ames,IA,50010.0
2279,1704 PIERCE CT,Ames,IA,50010.0
2280,2149 PRAIRIE VIEW EAST,Ames,IA,50010.0
2281,217 S HAZEL AVE,Ames,IA,50010.0
2282,411 E 13TH ST,Ames,IA,50010.0
2283,815 8TH ST,Ames,IA,50010.0
2284,125 13TH ST,Ames,IA,50010.0
2285,1330 GRAND AVE,Ames,IA,50010.0
2286,311 DOTSON DR,Ames,IA,50014.0
2287,3306 KENT AVE,Ames,IA,50010.0
2288,1111 28TH ST,Ames,IA,50010.0
2289,317 NORTH DAKOTA AVE,Ames,IA,50014.0
2290,2231 STORM ST,Ames,IA,50014.0
2291,2826 MONROE DR,Ames,IA,50010.0
2292,2816 PINEHURST CIR,Ames,IA,50010.0
2293,4002 MARIGOLD DR,Ames,IA,50014.0
2294,3318 SOUTHDALE DR,Ames,IA,50010.0
2295,2933 WHITE OAK DR,Ames,IA,50014.0
2296,1320 INDIANA AVE,Ames,IA,50014.0
2298,4205 WESTBROOK DR,Ames,IA,50014.0
2299,1225 ARIZONA AVE,Ames,IA,50014.0
2300,2902 WOOD ST,Ames,IA,50014.0
2301,1220 CARROLL AVE,Ames,IA,50010.0
2302,3820 BERKSHIRE AVE,Ames,IA,50010.0
2303,4309 HARRISON CIR,Ames,IA,50010.0
2304,1431 MARSTON AVE,Ames,IA,50010.0
2305,120 E 7TH ST,Ames,IA,50010.0
2306,719 KELLOGG AVE,Ames,IA,50010.0
2307,224 SOUTH DAKOTA AVE,Ames,IA,50014.0
2308,2877 GREENSBORO CIR,Ames,IA,50010.0
2309,116 15TH ST,Ames,IA,50010.0
2310,1310 WOODSTOCK AVE,Ames,IA,50014.0
2312,5426 KANSAS DR,Ames,IA,50014.0
2313,4205 COCHRANE PKWY,Ames,IA,0.0
2314,1410 16TH ST,Ames,IA,50010.0
2317,3125 WHITETAIL LN,Ames,IA,50014.0
2318,1109 OKLAHOMA DR,Ames,IA,50014.0
2319,1819 24TH ST,Ames,IA,50010.0
2321,2500 KELLOGG AVE,Ames,IA,50010.0
2322,2529 NORTHWOOD DR,Ames,IA,50010.0
2323,2816 GREENSBORO DR,Ames,IA,50010.0
2324,2911 EISENHOWER AVE,Ames,IA,50010.0
2325,2213 JENSEN AVE,Ames,IA,50010.0
2326,3822 HYDE AVE,Ames,IA,50010.0
2327,3508 EMERALD DR,Ames,IA,50010.0
2328,1519 STONE BROOKE RD,Ames,IA,50010.0
2330,322 TOPAZ CT,Ames,IA,50010.0
2331,3103 CEDAR LN,Ames,IA,50013.0
2332,4011 HYDE AVE,Ames,IA,50010.0
2333,3321 KINGMAN RD,Ames,IA,50014.0
2334,1019 KENNEDY ST,Ames,IA,50010.0
2335,910 BURNETT AVE,Ames,IA,50010.0
2336,1123 N 3RD ST,Ames,IA,50010.0
2337,2609 STANGE RD,Ames,IA,50010.0
2338,809 CLARK AVE,Ames,IA,50010.0
2339,2301 FERNDALE AVE,Ames,IA,50010.0
2340,2110 COUNTRY CLUB BLVD,Ames,IA,50014.0
2341,1461 BRECKINRIDGE CT,Ames,IA,50010.0
2343,2908 WHITE OAK DR,Ames,IA,50014.0
2344,3115 BECKLEY ST,Ames,IA,50010.0
2345,1230 BURNETT AVE,Ames,IA,50010.0
2346,2220 BURNETT AVE,Ames,IA,50010.0
2347,3720 COLUMBINE CIR,Ames,IA,50010.0
2348,4805 WALLER ST,Ames,IA,50014.0
2349,4105 BRICKMAN AVE,Ames,IA,50010.0
2350,5428 NORRIS ST,Ames,IA,50014.0
2351,1226 IDAHO CT,Ames,IA,50014.0
2352,1112 ROOSEVELT AVE,Ames,IA,50010.0
2353,3808 WESTLAWN DR,Ames,IA,50010.0
2354,1406 JEFFERSON ST,Ames,IA,50010.0
2355,2032 PINEHURST DR,Ames,IA,50010.0
2356,3033 BURNHAM DR,Ames,IA,50010.0
2357,3327 PRESTON CIR,Ames,IA,50010.0
2358,1531 ROOSEVELT AVE,Ames,IA,50010.0
2359,1337 ARIZONA AVE,Ames,IA,50014.0
2360,3810 BERKSHIRE AVE,Ames,IA,50010.0
2361,721 NORTHWESTERN AVE,Ames,IA,50010.0
2362,4630 CLEMENS BLVD,Ames,IA,50014.0
2363,5443 CLEMENS BLVD,Ames,IA,50014.0
2364,1323 ARIZONA AVE,Ames,IA,50014.0
2365,3840 WESTLAWN DR,Ames,IA,50010.0
2366,4519 HEMINGWAY DR,Ames,IA,50014.0
2367,1415 KENTUCKY AVE,Ames,IA,50014.0
2368,4213 WESTBROOK DR,Ames,IA,50014.0
2370,502 ELY CIR,Ames,IA,50010.0
2371,403 HILLTOP RD,Ames,IA,50014.0
2372,2825 LINCOLN WAY,Ames,IA,50014.0
2373,508 ELY CIR,Ames,IA,50010.0
2374,500 KEN MARIL RD,Ames,IA,50010.0
2375,1210 KINYON CIR,Ames,IA,50010.0
2376,1206 26TH ST,Ames,IA,50010.0
2377,1317 TRUMAN PL,Ames,IA,50010.0
2378,1014 MARSTON AVE,Ames,IA,50010.0
2379,5412 MARYLAND ST,Ames,IA,50014.0
2380,5425 DURANT ST,Ames,IA,50014.0
2381,1004 GRAND AVE,Ames,IA,50010.0
2382,1626 BURNETT AVE,Ames,IA,50010.0
2383,1323 JEFFERSON ST,Ames,IA,50010.0
2384,2031 FRILEY RD,Ames,IA,50014.0
2385,2012 TAYLOR CIR,Ames,IA,50010.0
2386,2510 WHITE OAK DR,Ames,IA,50014.0
2387,3814 BERKSHIRE AVE,Ames,IA,50010.0
2388,1511 CARROLL AVE,Ames,IA,50010.0
2389,3903 ARKANSAS DR,Ames,IA,50014.0
2390,1121 CLARK AVE,Ames,IA,50010.0
2391,3830 PHOENIX ST,Ames,IA,50014.0
2392,4139 STONE BROOKE RD,Ames,IA,50010.0
2393,1936 WYNGATE DR,Ames,IA,50010.0
2394,2304 JENSEN AVE,Ames,IA,50010.0
2395,114 E 8TH ST,Ames,IA,50010.0
2396,3102 ASPEN RD,Ames,IA,50014.0
2397,1219 24TH ST,Ames,IA,50010.0
2398,1108 JOHNSON ST,Ames,IA,50010.0
2399,3917 WESTLAWN DR,Ames,IA,50010.0
2400,923 NEW HAMPSHIRE CIR,Ames,IA,50014.0
2401,1319 MAXWELL AVE,Ames,IA,50010.0
2402,2732 THOMPSON DR,Ames,IA,50010.0
2404,3422 HARCOURT DR,Ames,IA,50010.0
2405,1926 GEORGE ALLEN AVE,Ames,IA,50010.0
2406,4636 TWAIN ST,Ames,IA,50014.0
2407,2215 STORM ST,Ames,IA,50014.0
2408,2854 TORREY PINES RD,Ames,IA,50010.0
2409,302 VILLAGE DR,Ames,IA,50014.0
2410,502 BROWN CT,Ames,IA,50014.0
2411,3126 SYCAMORE RD,Ames,IA,50014.0
2412,2612 CLEVELAND DR,Ames,IA,50010.0
2413,4106 BRICKMAN AVE,Ames,IA,50010.0
2414,1418 DOUGLAS AVE,Ames,IA,50010.0
2415,3803 BROOKDALE AVE,Ames,IA,50010.0
2416,5228 SCHUBERT ST,Ames,IA,50014.0
2417,4017 WEMBLEY AVE,Ames,IA,50010.0
2418,1013 WILSON AVE,Ames,IA,50010.0
2419,1608 STONE BROOKE RD,Ames,IA,50010.0
2420,1119 MARSTON AVE,Ames,IA,50010.0
2421,1023 MARSTON AVE,Ames,IA,50010.0
2422,815 DUFF AVE,Ames,IA,50010.0
2423,1803 WILSON AVE,Ames,IA,50010.0
2424,512 STANTON AVE,Ames,IA,50014.0
2425,3116 DIAMOND ST,Ames,IA,50010.0
2426,811 DOUGLAS AVE,Ames,IA,50010.0
2427,3411 HARCOURT DR,Ames,IA,50010.0
2429,2854 MONROE DR,Ames,IA,50010.0
2430,616 18TH ST,Ames,IA,50010.0
2431,623 CRYSTAL ST,Ames,IA,50010.0
2432,211 N HAZEL AVE,Ames,IA,50010.0
2433,3121 BECKLEY ST,Ames,IA,50010.0
2434,3913 MINNETONKA AVE,Ames,IA,50010.0
2435,3424 OAKLAND ST,Ames,IA,50014.0
2436,1528 LINDEN DR,Ames,IA,50010.0
2437,3026 EVERGREEN CIR,Ames,IA,50014.0
2438,3913 TORONTO ST,Ames,IA,50014.0
2439,505 SMILEY AVE,Ames,IA,50014.0
2440,4009 BRICKMAN AVE,Ames,IA,50010.0
2442,3107 HARRISON RD,Ames,IA,50010.0
2443,3212 WOODLAND ST,Ames,IA,50014.0
2444,1127 BURNETT AVE,Ames,IA,50010.0
2445,1930 WINDFIELD DR,Ames,IA,50010.0
2446,1228 STAFFORD AVE,Ames,IA,50010.0
2447,4011 BERKSHIRE AVE,Ames,IA,50010.0
2448,2204 JENSEN AVE,Ames,IA,50010.0
2449,821 POE AVE,Ames,IA,50014.0
2450,3115 CEDAR LN,Ames,IA,50013.0
2451,1412 HARDING AVE,Ames,IA,50010.0
2452,3023 CEDAR LN,Ames,IA,50014.0
2453,3823 BERKSHIRE AVE,Ames,IA,50010.0
2454,2318 CLAYTON DR,Ames,IA,50010.0
2455,429 HAYWARD AVE,Ames,IA,50014.0
2456,402 S FRANKLIN AVE 404,Ames,IA,50014.0
2457,2634 SOMERSET DR,Ames,IA,50010.0
2458,4209 CRESTMOOR AVE,Ames,IA,50010.0
2459,3804 TORONTO ST,Ames,IA,50014.0
2460,2027 POLK DR,Ames,IA,50010.0
2461,2203 JENSEN AVE,Ames,IA,50010.0
2463,229 S RUSSELL AVE,Ames,IA,50010.0
2464,2103 JENSEN AVE,Ames,IA,50010.0
2465,3418 HARCOURT DR,Ames,IA,50010.0
2466,1112 WHEELER ST,Ames,IA,50010.0
2467,3413 HARCOURT DR,Ames,IA,50010.0
2468,728 GARNET DR,Ames,IA,50010.0
2469,1309 KINYON CIR,Ames,IA,50010.0
2471,1212 BURNETT AVE,Ames,IA,50010.0
2472,1223 25TH ST,Ames,IA,50010.0
2473,3322 WEST ST,Ames,IA,50014.0
2474,619 MEADOW PL,Ames,IA,50010.0
2475,4918 TODD DR,Ames,IA,50014.0
2476,1509 CLARK AVE,Ames,IA,50010.0
2477,806 VERMONT CIR,Ames,IA,50014.0
2478,812 HUNZIKER DR,Ames,IA,50010.0
2479,5307 CLEMENS BLVD,Ames,IA,50014.0
2480,3001 HEMLOCK CIR,Ames,IA,50014.0
2481,320 E 7TH ST,Ames,IA,50010.0
2482,1325 WILSON AVE,Ames,IA,50010.0
2483,1324 GARFIELD AVE,Ames,IA,50014.0
2484,1003 MARSTON AVE,Ames,IA,50010.0
2485,1118 JOHNSON ST,Ames,IA,50010.0
2486,4015 HYDE AVE,Ames,IA,50010.0
2487,3008 WOOD ST,Ames,IA,50014.0
2488,317 PEARSON AVE,Ames,IA,50014.0
2489,3312 EISENHOWER AVE,Ames,IA,50010.0
2490,1441 SUMMIT AVE,Ames,IA,50010.0
2491,1318 KELLOGG AVE,Ames,IA,50010.0
2492,510 26TH ST,Ames,IA,50010.0
2493,2016 PINEHURST DR,Ames,IA,50010.0
2494,4020 HASTINGS AVE,Ames,IA,50010.0
2495,1507 DUFF AVE,Ames,IA,50010.0
2496,1130 SCHOLL RD,Ames,IA,50014.0
2497,3304 OPAL DR 3306,Ames,IA,50010.0
2498,5421 FROST DR,Ames,IA,50014.0
2500,1229 NORTHWESTERN AVE,Ames,IA,50010.0
2501,1127 ARIZONA AVE,Ames,IA,50014.0
2502,129 S MAPLE AVE,Ames,IA,50010.0
2503,1215 N 2ND ST,Ames,IA,50010.0
2504,2411 GRANT CIR,Ames,IA,50010.0
2505,1103 MARSTON AVE,Ames,IA,50010.0
2506,3332 SEDWICK ST,Ames,IA,50010.0
2507,2403 LAKESIDE DR,Ames,IA,50010.0
2508,1703 BEL AIR DR,Ames,IA,50010.0
2509,3223 LETTIE ST,Ames,IA,50014.0
2510,2207 MELROSE AVE,Ames,IA,50010.0
2511,722 DOUGLAS AVE,Ames,IA,50010.0
2512,1407 CLARK AVE,Ames,IA,50010.0
2513,2610 TIMBERLAND RD,Ames,IA,50014.0
2514,3631 ROSS RD,Ames,IA,50014.0
2515,317 E 6TH ST,Ames,IA,50010.0
2516,1318 WILSON AVE,Ames,IA,50010.0
2517,743 GARNET DR 745,Ames,IA,50010.0
2518,1115 GRAND AVE,Ames,IA,50010.0
2519,1333 ARIZONA AVE,Ames,IA,50014.0
2520,1621 GRAND AVE,Ames,IA,50010.0
2521,2528 DALTON ST,Ames,IA,50010.0
2522,2410 KINGSTON DR,Ames,IA,50010.0
2523,2824 ROSS RD,Ames,IA,50014.0
2524,4303 WEMBLEY AVE,Ames,IA,50010.0
2525,2953 NORTHWESTERN AVE,Ames,IA,50010.0
2526,2708 EISENHOWER AVE,Ames,IA,50010.0
2527,4633 HEMINGWAY DR,Ames,IA,50014.0
2528,1224 ORCHARD DR,Ames,IA,50010.0
2529,2302 FURMAN DR,Ames,IA,50010.0
2530,3908 FLETCHER BLVD,Ames,IA,50010.0
2531,3120 WESTON DR,Ames,IA,50010.0
2533,1213 S 2ND ST,Ames,IA,50010.0
2534,3412 ONTARIO ST,Ames,IA,50014.0
2535,2041 DUFF AVE,Ames,IA,50010.0
2536,821 CRYSTAL ST,Ames,IA,50010.0
2537,1515 INDIANA AVE,Ames,IA,50014.0
2538,1510 INDIANA AVE,Ames,IA,50014.0
2539,1209 IDAHO AVE,Ames,IA,50014.0
2540,2808 OAKLAND ST,Ames,IA,50014.0
2541,826 YUMA AVE,Ames,IA,50014.0
2542,922 MESA VERDE PL,Ames,IA,50014.0
2543,1703 24TH ST,Ames,IA,50010.0
2544,3838 BRICKMAN AVE,Ames,IA,50010.0
2545,609 ONYX ST,Ames,IA,50010.0
2546,3626 STORY ST,Ames,IA,50014.0
2547,621 RIDGEWOOD AVE,Ames,IA,50010.0
2548,3905 QUEBEC ST,Ames,IA,50014.0
2549,1019 ROOSEVELT AVE,Ames,IA,50010.0
2550,423 PAULSON DR,Ames,IA,50010.0
2551,307 ROCKWELL AVE,Ames,IA,50014.0
2552,617 CLARK AVE,Ames,IA,50010.0
2553,1020 RIDGEWOOD AVE,Ames,IA,50010.0
2554,210 E 11TH ST,Ames,IA,50010.0
2555,619 E 13TH ST,Ames,IA,50010.0
2556,626 10TH ST,Ames,IA,50010.0
2557,5224 THACKERAY DR,Ames,IA,50014.0
2558,2022 HUNZIKER DR,Ames,IA,50010.0
2559,1416 DUFF AVE,Ames,IA,50010.0
2560,706 CLARK AVE,Ames,IA,50010.0
2561,1605 CLARK AVE,Ames,IA,50010.0
2562,4003 HYDE AVE,Ames,IA,50010.0
2563,5013 KEATS ST,Ames,IA,50014.0
2564,4612 CLEMENS BLVD,Ames,IA,50014.0
2565,1817 BURNETT AVE,Ames,IA,50010.0
2566,4018 ARKANSAS DR,Ames,IA,50014.0
2567,306 22ND ST,Ames,IA,50010.0
2568,2708 BRISTOL DR,Ames,IA,50010.0
2569,3724 EISENHOWER AVE,Ames,IA,50010.0
2570,2448 WELBECK DR,Ames,IA,50010.0
2571,2712 LUTHER DR,Ames,IA,50010.0
2573,2734 NORTHRIDGE LN,Ames,IA,50010.0
2574,2218 IRONWOOD CT,Ames,IA,50014.0
2575,130 S RIVERSIDE DR,Ames,IA,50010.0
2576,1311 GRAND AVE,Ames,IA,50010.0
2577,3838 HYDE AVE,Ames,IA,50010.0
2578,3814 QUEBEC ST,Ames,IA,50014.0
2579,3909 TORONTO ST,Ames,IA,50014.0
2580,4011 LINCOLN WAY,Ames,IA,50014.0
2581,1008 MURRAY DR,Ames,IA,50010.0
2582,4019 MARIGOLD DR,Ames,IA,50014.0
2583,1021 RIDGEWOOD AVE,Ames,IA,50010.0
2584,3619 MARY CIR,Ames,IA,50014.0
2585,2140 SUNSET DR 2142,Ames,IA,50014.0
2586,5319 CLEMENS BLVD,Ames,IA,50014.0
2587,1025 VERMONT CT,Ames,IA,50014.0
